H._Vincent_Poor,Mohamed-Slim_Alouini
H._Vincent_Poor,Philip_S._Yu
H._Vincent_Poor,Wei_Zhang
H._Vincent_Poor,Wei_Wang
H._Vincent_Poor,Lajos_Hanzo
H._Vincent_Poor,Wei_Li
H._Vincent_Poor,Wen_Gao_0001
H._Vincent_Poor,Victor_C._M._Leung
H._Vincent_Poor,Yu_Zhang
H._Vincent_Poor,Mohamed-Slim_Alouini
H._Vincent_Poor,Philip_S._Yu
H._Vincent_Poor,Wei_Zhang
H._Vincent_Poor,Wei_Wang
H._Vincent_Poor,Lajos_Hanzo
H._Vincent_Poor,Wei_Li
H._Vincent_Poor,Wen_Gao_0001
H._Vincent_Poor,Victor_C._M._Leung
H._Vincent_Poor,Yu_Zhang
H._Vincent_Poor,Mohamed-Slim_Alouini
H._Vincent_Poor,Philip_S._Yu
H._Vincent_Poor,Wei_Zhang
H._Vincent_Poor,Wei_Wang
H._Vincent_Poor,Lajos_Hanzo
H._Vincent_Poor,Wei_Li
H._Vincent_Poor,Wen_Gao_0001
H._Vincent_Poor,Victor_C._M._Leung
H._Vincent_Poor,Yu_Zhang
H._Vincent_Poor,Mohamed-Slim_Alouini
H._Vincent_Poor,Philip_S._Yu
H._Vincent_Poor,Wei_Zhang
H._Vincent_Poor,Wei_Wang
H._Vincent_Poor,Lajos_Hanzo
H._Vincent_Poor,Wei_Li
H._Vincent_Poor,Wen_Gao_0001
H._Vincent_Poor,Victor_C._M._Leung
H._Vincent_Poor,Yu_Zhang
H._Vincent_Poor,Mohamed-Slim_Alouini
H._Vincent_Poor,Philip_S._Yu
H._Vincent_Poor,Wei_Zhang
H._Vincent_Poor,Wei_Wang
H._Vincent_Poor,Lajos_Hanzo
H._Vincent_Poor,Wei_Li
H._Vincent_Poor,Wen_Gao_0001
H._Vincent_Poor,Victor_C._M._Leung
H._Vincent_Poor,Yu_Zhang
H._Vincent_Poor,Mohamed-Slim_Alouini
H._Vincent_Poor,Philip_S._Yu
H._Vincent_Poor,Wei_Zhang
H._Vincent_Poor,Wei_Wang
H._Vincent_Poor,Lajos_Hanzo
H._Vincent_Poor,Wei_Li
H._Vincent_Poor,Wen_Gao_0001
H._Vincent_Poor,Victor_C._M._Leung
H._Vincent_Poor,Yu_Zhang
H._Vincent_Poor,Mohamed-Slim_Alouini
H._Vincent_Poor,Philip_S._Yu
H._Vincent_Poor,Wei_Zhang
H._Vincent_Poor,Wei_Wang
H._Vincent_Poor,Lajos_Hanzo
H._Vincent_Poor,Wei_Li
H._Vincent_Poor,Wen_Gao_0001
H._Vincent_Poor,Victor_C._M._Leung
H._Vincent_Poor,Yu_Zhang
H._Vincent_Poor,Mohamed-Slim_Alouini
H._Vincent_Poor,Philip_S._Yu
H._Vincent_Poor,Wei_Zhang
H._Vincent_Poor,Wei_Wang
H._Vincent_Poor,Lajos_Hanzo
H._Vincent_Poor,Wei_Li
H._Vincent_Poor,Wen_Gao_0001
H._Vincent_Poor,Victor_C._M._Leung
H._Vincent_Poor,Yu_Zhang
H._Vincent_Poor,Mohamed-Slim_Alouini
H._Vincent_Poor,Philip_S._Yu
H._Vincent_Poor,Wei_Zhang
H._Vincent_Poor,Wei_Wang
H._Vincent_Poor,Lajos_Hanzo
H._Vincent_Poor,Wei_Li
H._Vincent_Poor,Wen_Gao_0001
H._Vincent_Poor,Victor_C._M._Leung
H._Vincent_Poor,Yu_Zhang
H._Vincent_Poor,Mohamed-Slim_Alouini
H._Vincent_Poor,Philip_S._Yu
H._Vincent_Poor,Wei_Zhang
H._Vincent_Poor,Wei_Wang
H._Vincent_Poor,Lajos_Hanzo
H._Vincent_Poor,Wei_Li
H._Vincent_Poor,Wen_Gao_0001
H._Vincent_Poor,Victor_C._M._Leung
H._Vincent_Poor,Yu_Zhang
H._Vincent_Poor,Mohamed-Slim_Alouini
H._Vincent_Poor,Philip_S._Yu
H._Vincent_Poor,Wei_Zhang
H._Vincent_Poor,Wei_Wang
H._Vincent_Poor,Lajos_Hanzo
H._Vincent_Poor,Wei_Li
H._Vincent_Poor,Wen_Gao_0001
H._Vincent_Poor,Victor_C._M._Leung
H._Vincent_Poor,Yu_Zhang
H._Vincent_Poor,Mohamed-Slim_Alouini
H._Vincent_Poor,Philip_S._Yu
H._Vincent_Poor,Wei_Zhang
H._Vincent_Poor,Wei_Wang
H._Vincent_Poor,Lajos_Hanzo
H._Vincent_Poor,Wei_Li
H._Vincent_Poor,Wen_Gao_0001
H._Vincent_Poor,Victor_C._M._Leung
H._Vincent_Poor,Yu_Zhang
H._Vincent_Poor,Mohamed-Slim_Alouini
H._Vincent_Poor,Philip_S._Yu
H._Vincent_Poor,Wei_Zhang
H._Vincent_Poor,Wei_Wang
H._Vincent_Poor,Lajos_Hanzo
H._Vincent_Poor,Wei_Li
H._Vincent_Poor,Wen_Gao_0001
H._Vincent_Poor,Victor_C._M._Leung
H._Vincent_Poor,Yu_Zhang
H._Vincent_Poor,Mohamed-Slim_Alouini
H._Vincent_Poor,Philip_S._Yu
H._Vincent_Poor,Wei_Zhang
H._Vincent_Poor,Wei_Wang
H._Vincent_Poor,Lajos_Hanzo
H._Vincent_Poor,Wei_Li
H._Vincent_Poor,Wen_Gao_0001
H._Vincent_Poor,Victor_C._M._Leung
H._Vincent_Poor,Yu_Zhang
H._Vincent_Poor,Mohamed-Slim_Alouini
H._Vincent_Poor,Philip_S._Yu
H._Vincent_Poor,Wei_Zhang
H._Vincent_Poor,Wei_Wang
H._Vincent_Poor,Lajos_Hanzo
H._Vincent_Poor,Wei_Li
H._Vincent_Poor,Wen_Gao_0001
H._Vincent_Poor,Victor_C._M._Leung
H._Vincent_Poor,Yu_Zhang
H._Vincent_Poor,Mohamed-Slim_Alouini
H._Vincent_Poor,Philip_S._Yu
H._Vincent_Poor,Wei_Zhang
H._Vincent_Poor,Wei_Wang
H._Vincent_Poor,Lajos_Hanzo
H._Vincent_Poor,Wei_Li
H._Vincent_Poor,Wen_Gao_0001
H._Vincent_Poor,Victor_C._M._Leung
H._Vincent_Poor,Yu_Zhang
H._Vincent_Poor,Mohamed-Slim_Alouini
H._Vincent_Poor,Philip_S._Yu
H._Vincent_Poor,Wei_Zhang
H._Vincent_Poor,Wei_Wang
H._Vincent_Poor,Lajos_Hanzo
H._Vincent_Poor,Wei_Li
H._Vincent_Poor,Wen_Gao_0001
H._Vincent_Poor,Victor_C._M._Leung
H._Vincent_Poor,Yu_Zhang
H._Vincent_Poor,Mohamed-Slim_Alouini
H._Vincent_Poor,Philip_S._Yu
H._Vincent_Poor,Wei_Zhang
H._Vincent_Poor,Wei_Wang
H._Vincent_Poor,Lajos_Hanzo
H._Vincent_Poor,Wei_Li
H._Vincent_Poor,Wen_Gao_0001
H._Vincent_Poor,Victor_C._M._Leung
H._Vincent_Poor,Yu_Zhang
H._Vincent_Poor,Mohamed-Slim_Alouini
H._Vincent_Poor,Philip_S._Yu
H._Vincent_Poor,Wei_Zhang
H._Vincent_Poor,Wei_Wang
H._Vincent_Poor,Lajos_Hanzo
H._Vincent_Poor,Wei_Li
H._Vincent_Poor,Wen_Gao_0001
H._Vincent_Poor,Victor_C._M._Leung
H._Vincent_Poor,Yu_Zhang
H._Vincent_Poor,Mohamed-Slim_Alouini
H._Vincent_Poor,Philip_S._Yu
H._Vincent_Poor,Wei_Zhang
H._Vincent_Poor,Wei_Wang
H._Vincent_Poor,Lajos_Hanzo
H._Vincent_Poor,Wei_Li
H._Vincent_Poor,Wen_Gao_0001
H._Vincent_Poor,Victor_C._M._Leung
H._Vincent_Poor,Yu_Zhang
H._Vincent_Poor,Mohamed-Slim_Alouini
H._Vincent_Poor,Philip_S._Yu
H._Vincent_Poor,Wei_Zhang
H._Vincent_Poor,Wei_Wang
H._Vincent_Poor,Lajos_Hanzo
H._Vincent_Poor,Wei_Li
H._Vincent_Poor,Wen_Gao_0001
H._Vincent_Poor,Victor_C._M._Leung
H._Vincent_Poor,Yu_Zhang
H._Vincent_Poor,Mohamed-Slim_Alouini
H._Vincent_Poor,Philip_S._Yu
H._Vincent_Poor,Wei_Zhang
H._Vincent_Poor,Wei_Wang
H._Vincent_Poor,Lajos_Hanzo
H._Vincent_Poor,Wei_Li
H._Vincent_Poor,Wen_Gao_0001
H._Vincent_Poor,Victor_C._M._Leung
H._Vincent_Poor,Yu_Zhang
H._Vincent_Poor,Mohamed-Slim_Alouini
H._Vincent_Poor,Philip_S._Yu
H._Vincent_Poor,Wei_Zhang
H._Vincent_Poor,Wei_Wang
H._Vincent_Poor,Lajos_Hanzo
H._Vincent_Poor,Wei_Li
H._Vincent_Poor,Wen_Gao_0001
H._Vincent_Poor,Victor_C._M._Leung
H._Vincent_Poor,Yu_Zhang
H._Vincent_Poor,Mohamed-Slim_Alouini
H._Vincent_Poor,Philip_S._Yu
H._Vincent_Poor,Wei_Zhang
H._Vincent_Poor,Wei_Wang
H._Vincent_Poor,Lajos_Hanzo
H._Vincent_Poor,Wei_Li
H._Vincent_Poor,Wen_Gao_0001
H._Vincent_Poor,Victor_C._M._Leung
H._Vincent_Poor,Yu_Zhang
H._Vincent_Poor,Mohamed-Slim_Alouini
H._Vincent_Poor,Philip_S._Yu
H._Vincent_Poor,Wei_Zhang
H._Vincent_Poor,Wei_Wang
H._Vincent_Poor,Lajos_Hanzo
H._Vincent_Poor,Wei_Li
H._Vincent_Poor,Wen_Gao_0001
H._Vincent_Poor,Victor_C._M._Leung
H._Vincent_Poor,Yu_Zhang
H._Vincent_Poor,Mohamed-Slim_Alouini
H._Vincent_Poor,Philip_S._Yu
H._Vincent_Poor,Wei_Zhang
H._Vincent_Poor,Wei_Wang
H._Vincent_Poor,Lajos_Hanzo
H._Vincent_Poor,Wei_Li
H._Vincent_Poor,Wen_Gao_0001
H._Vincent_Poor,Victor_C._M._Leung
H._Vincent_Poor,Yu_Zhang
H._Vincent_Poor,Mohamed-Slim_Alouini
H._Vincent_Poor,Philip_S._Yu
H._Vincent_Poor,Wei_Zhang
H._Vincent_Poor,Wei_Wang
H._Vincent_Poor,Lajos_Hanzo
H._Vincent_Poor,Wei_Li
H._Vincent_Poor,Wen_Gao_0001
H._Vincent_Poor,Victor_C._M._Leung
H._Vincent_Poor,Yu_Zhang
H._Vincent_Poor,Mohamed-Slim_Alouini
H._Vincent_Poor,Philip_S._Yu
H._Vincent_Poor,Wei_Zhang
H._Vincent_Poor,Wei_Wang
H._Vincent_Poor,Lajos_Hanzo
H._Vincent_Poor,Wei_Li
H._Vincent_Poor,Wen_Gao_0001
H._Vincent_Poor,Victor_C._M._Leung
H._Vincent_Poor,Yu_Zhang
H._Vincent_Poor,Mohamed-Slim_Alouini
H._Vincent_Poor,Philip_S._Yu
H._Vincent_Poor,Wei_Zhang
H._Vincent_Poor,Wei_Wang
H._Vincent_Poor,Lajos_Hanzo
H._Vincent_Poor,Wei_Li
H._Vincent_Poor,Wen_Gao_0001
H._Vincent_Poor,Victor_C._M._Leung
H._Vincent_Poor,Yu_Zhang
H._Vincent_Poor,Mohamed-Slim_Alouini
H._Vincent_Poor,Philip_S._Yu
H._Vincent_Poor,Wei_Zhang
H._Vincent_Poor,Wei_Wang
H._Vincent_Poor,Lajos_Hanzo
H._Vincent_Poor,Wei_Li
H._Vincent_Poor,Wen_Gao_0001
H._Vincent_Poor,Victor_C._M._Leung
H._Vincent_Poor,Yu_Zhang
H._Vincent_Poor,Mohamed-Slim_Alouini
H._Vincent_Poor,Philip_S._Yu
H._Vincent_Poor,Wei_Zhang
H._Vincent_Poor,Wei_Wang
H._Vincent_Poor,Lajos_Hanzo
H._Vincent_Poor,Wei_Li
H._Vincent_Poor,Wen_Gao_0001
H._Vincent_Poor,Victor_C._M._Leung
H._Vincent_Poor,Yu_Zhang
H._Vincent_Poor,Mohamed-Slim_Alouini
H._Vincent_Poor,Philip_S._Yu
H._Vincent_Poor,Wei_Zhang
H._Vincent_Poor,Wei_Wang
H._Vincent_Poor,Lajos_Hanzo
H._Vincent_Poor,Wei_Li
H._Vincent_Poor,Wen_Gao_0001
H._Vincent_Poor,Victor_C._M._Leung
H._Vincent_Poor,Yu_Zhang
H._Vincent_Poor,Mohamed-Slim_Alouini
H._Vincent_Poor,Philip_S._Yu
H._Vincent_Poor,Wei_Zhang
H._Vincent_Poor,Wei_Wang
H._Vincent_Poor,Lajos_Hanzo
H._Vincent_Poor,Wei_Li
H._Vincent_Poor,Wen_Gao_0001
H._Vincent_Poor,Victor_C._M._Leung
H._Vincent_Poor,Yu_Zhang
H._Vincent_Poor,Mohamed-Slim_Alouini
H._Vincent_Poor,Philip_S._Yu
H._Vincent_Poor,Wei_Zhang
H._Vincent_Poor,Wei_Wang
H._Vincent_Poor,Lajos_Hanzo
H._Vincent_Poor,Wei_Li
H._Vincent_Poor,Wen_Gao_0001
H._Vincent_Poor,Victor_C._M._Leung
H._Vincent_Poor,Yu_Zhang
H._Vincent_Poor,Mohamed-Slim_Alouini
H._Vincent_Poor,Philip_S._Yu
H._Vincent_Poor,Wei_Zhang
H._Vincent_Poor,Wei_Wang
H._Vincent_Poor,Lajos_Hanzo
H._Vincent_Poor,Wei_Li
H._Vincent_Poor,Wen_Gao_0001
H._Vincent_Poor,Victor_C._M._Leung
H._Vincent_Poor,Yu_Zhang
H._Vincent_Poor,Mohamed-Slim_Alouini
H._Vincent_Poor,Philip_S._Yu
H._Vincent_Poor,Wei_Zhang
H._Vincent_Poor,Wei_Wang
H._Vincent_Poor,Lajos_Hanzo
H._Vincent_Poor,Wei_Li
H._Vincent_Poor,Wen_Gao_0001
H._Vincent_Poor,Victor_C._M._Leung
H._Vincent_Poor,Yu_Zhang
H._Vincent_Poor,Mohamed-Slim_Alouini
H._Vincent_Poor,Philip_S._Yu
H._Vincent_Poor,Wei_Zhang
H._Vincent_Poor,Wei_Wang
H._Vincent_Poor,Lajos_Hanzo
H._Vincent_Poor,Wei_Li
H._Vincent_Poor,Wen_Gao_0001
H._Vincent_Poor,Victor_C._M._Leung
H._Vincent_Poor,Yu_Zhang
H._Vincent_Poor,Mohamed-Slim_Alouini
H._Vincent_Poor,Philip_S._Yu
H._Vincent_Poor,Wei_Zhang
H._Vincent_Poor,Wei_Wang
H._Vincent_Poor,Lajos_Hanzo
H._Vincent_Poor,Wei_Li
H._Vincent_Poor,Wen_Gao_0001
H._Vincent_Poor,Victor_C._M._Leung
H._Vincent_Poor,Yu_Zhang
H._Vincent_Poor,Mohamed-Slim_Alouini
H._Vincent_Poor,Philip_S._Yu
H._Vincent_Poor,Wei_Zhang
H._Vincent_Poor,Wei_Wang
H._Vincent_Poor,Lajos_Hanzo
H._Vincent_Poor,Wei_Li
H._Vincent_Poor,Wen_Gao_0001
H._Vincent_Poor,Victor_C._M._Leung
H._Vincent_Poor,Yu_Zhang
H._Vincent_Poor,Mohamed-Slim_Alouini
H._Vincent_Poor,Philip_S._Yu
H._Vincent_Poor,Wei_Zhang
H._Vincent_Poor,Wei_Wang
H._Vincent_Poor,Lajos_Hanzo
H._Vincent_Poor,Wei_Li
H._Vincent_Poor,Wen_Gao_0001
H._Vincent_Poor,Victor_C._M._Leung
H._Vincent_Poor,Yu_Zhang
H._Vincent_Poor,Mohamed-Slim_Alouini
H._Vincent_Poor,Philip_S._Yu
H._Vincent_Poor,Wei_Zhang
H._Vincent_Poor,Wei_Wang
H._Vincent_Poor,Lajos_Hanzo
H._Vincent_Poor,Wei_Li
H._Vincent_Poor,Wen_Gao_0001
H._Vincent_Poor,Victor_C._M._Leung
H._Vincent_Poor,Yu_Zhang
H._Vincent_Poor,Mohamed-Slim_Alouini
H._Vincent_Poor,Philip_S._Yu
H._Vincent_Poor,Wei_Zhang
H._Vincent_Poor,Wei_Wang
H._Vincent_Poor,Lajos_Hanzo
H._Vincent_Poor,Wei_Li
H._Vincent_Poor,Wen_Gao_0001
H._Vincent_Poor,Victor_C._M._Leung
H._Vincent_Poor,Yu_Zhang
H._Vincent_Poor,Mohamed-Slim_Alouini
H._Vincent_Poor,Philip_S._Yu
H._Vincent_Poor,Wei_Zhang
H._Vincent_Poor,Wei_Wang
H._Vincent_Poor,Lajos_Hanzo
H._Vincent_Poor,Wei_Li
H._Vincent_Poor,Wen_Gao_0001
H._Vincent_Poor,Victor_C._M._Leung
H._Vincent_Poor,Yu_Zhang
H._Vincent_Poor,Mohamed-Slim_Alouini
H._Vincent_Poor,Philip_S._Yu
H._Vincent_Poor,Wei_Zhang
H._Vincent_Poor,Wei_Wang
H._Vincent_Poor,Lajos_Hanzo
H._Vincent_Poor,Wei_Li
H._Vincent_Poor,Wen_Gao_0001
H._Vincent_Poor,Victor_C._M._Leung
H._Vincent_Poor,Yu_Zhang
H._Vincent_Poor,Mohamed-Slim_Alouini
H._Vincent_Poor,Philip_S._Yu
H._Vincent_Poor,Wei_Zhang
H._Vincent_Poor,Wei_Wang
H._Vincent_Poor,Lajos_Hanzo
H._Vincent_Poor,Wei_Li
H._Vincent_Poor,Wen_Gao_0001
H._Vincent_Poor,Victor_C._M._Leung
H._Vincent_Poor,Yu_Zhang
H._Vincent_Poor,Mohamed-Slim_Alouini
H._Vincent_Poor,Philip_S._Yu
H._Vincent_Poor,Wei_Zhang
H._Vincent_Poor,Wei_Wang
H._Vincent_Poor,Lajos_Hanzo
H._Vincent_Poor,Wei_Li
H._Vincent_Poor,Wen_Gao_0001
H._Vincent_Poor,Victor_C._M._Leung
H._Vincent_Poor,Yu_Zhang
H._Vincent_Poor,Mohamed-Slim_Alouini
H._Vincent_Poor,Philip_S._Yu
H._Vincent_Poor,Wei_Zhang
H._Vincent_Poor,Wei_Wang
H._Vincent_Poor,Lajos_Hanzo
H._Vincent_Poor,Wei_Li
H._Vincent_Poor,Wen_Gao_0001
H._Vincent_Poor,Victor_C._M._Leung
H._Vincent_Poor,Yu_Zhang
H._Vincent_Poor,Mohamed-Slim_Alouini
H._Vincent_Poor,Philip_S._Yu
H._Vincent_Poor,Wei_Zhang
H._Vincent_Poor,Wei_Wang
H._Vincent_Poor,Lajos_Hanzo
H._Vincent_Poor,Wei_Li
H._Vincent_Poor,Wen_Gao_0001
H._Vincent_Poor,Victor_C._M._Leung
H._Vincent_Poor,Yu_Zhang
H._Vincent_Poor,Mohamed-Slim_Alouini
H._Vincent_Poor,Philip_S._Yu
H._Vincent_Poor,Wei_Zhang
H._Vincent_Poor,Wei_Wang
H._Vincent_Poor,Lajos_Hanzo
H._Vincent_Poor,Wei_Li
H._Vincent_Poor,Wen_Gao_0001
H._Vincent_Poor,Victor_C._M._Leung
H._Vincent_Poor,Yu_Zhang
H._Vincent_Poor,Mohamed-Slim_Alouini
H._Vincent_Poor,Philip_S._Yu
H._Vincent_Poor,Wei_Zhang
H._Vincent_Poor,Wei_Wang
H._Vincent_Poor,Lajos_Hanzo
H._Vincent_Poor,Wei_Li
H._Vincent_Poor,Wen_Gao_0001
H._Vincent_Poor,Victor_C._M._Leung
H._Vincent_Poor,Yu_Zhang
H._Vincent_Poor,Mohamed-Slim_Alouini
H._Vincent_Poor,Philip_S._Yu
H._Vincent_Poor,Wei_Zhang
H._Vincent_Poor,Wei_Wang
H._Vincent_Poor,Lajos_Hanzo
H._Vincent_Poor,Wei_Li
H._Vincent_Poor,Wen_Gao_0001
H._Vincent_Poor,Victor_C._M._Leung
H._Vincent_Poor,Yu_Zhang
H._Vincent_Poor,Mohamed-Slim_Alouini
H._Vincent_Poor,Philip_S._Yu
H._Vincent_Poor,Wei_Zhang
H._Vincent_Poor,Wei_Wang
H._Vincent_Poor,Lajos_Hanzo
H._Vincent_Poor,Wei_Li
H._Vincent_Poor,Wen_Gao_0001
H._Vincent_Poor,Victor_C._M._Leung
H._Vincent_Poor,Yu_Zhang
H._Vincent_Poor,Mohamed-Slim_Alouini
H._Vincent_Poor,Philip_S._Yu
H._Vincent_Poor,Wei_Zhang
H._Vincent_Poor,Wei_Wang
H._Vincent_Poor,Lajos_Hanzo
H._Vincent_Poor,Wei_Li
H._Vincent_Poor,Wen_Gao_0001
H._Vincent_Poor,Victor_C._M._Leung
H._Vincent_Poor,Yu_Zhang
H._Vincent_Poor,Mohamed-Slim_Alouini
H._Vincent_Poor,Philip_S._Yu
H._Vincent_Poor,Wei_Zhang
H._Vincent_Poor,Wei_Wang
H._Vincent_Poor,Lajos_Hanzo
H._Vincent_Poor,Wei_Li
H._Vincent_Poor,Wen_Gao_0001
H._Vincent_Poor,Victor_C._M._Leung
H._Vincent_Poor,Yu_Zhang
H._Vincent_Poor,Mohamed-Slim_Alouini
H._Vincent_Poor,Philip_S._Yu
H._Vincent_Poor,Wei_Zhang
H._Vincent_Poor,Wei_Wang
H._Vincent_Poor,Lajos_Hanzo
H._Vincent_Poor,Wei_Li
H._Vincent_Poor,Wen_Gao_0001
H._Vincent_Poor,Victor_C._M._Leung
H._Vincent_Poor,Yu_Zhang
H._Vincent_Poor,Mohamed-Slim_Alouini
H._Vincent_Poor,Philip_S._Yu
H._Vincent_Poor,Wei_Zhang
H._Vincent_Poor,Wei_Wang
H._Vincent_Poor,Lajos_Hanzo
H._Vincent_Poor,Wei_Li
H._Vincent_Poor,Wen_Gao_0001
H._Vincent_Poor,Victor_C._M._Leung
H._Vincent_Poor,Yu_Zhang
H._Vincent_Poor,Mohamed-Slim_Alouini
H._Vincent_Poor,Philip_S._Yu
H._Vincent_Poor,Wei_Zhang
H._Vincent_Poor,Wei_Wang
H._Vincent_Poor,Lajos_Hanzo
H._Vincent_Poor,Wei_Li
H._Vincent_Poor,Wen_Gao_0001
H._Vincent_Poor,Victor_C._M._Leung
H._Vincent_Poor,Yu_Zhang
H._Vincent_Poor,Mohamed-Slim_Alouini
H._Vincent_Poor,Philip_S._Yu
H._Vincent_Poor,Wei_Zhang
H._Vincent_Poor,Wei_Wang
H._Vincent_Poor,Lajos_Hanzo
H._Vincent_Poor,Wei_Li
H._Vincent_Poor,Wen_Gao_0001
H._Vincent_Poor,Victor_C._M._Leung
H._Vincent_Poor,Yu_Zhang
H._Vincent_Poor,Mohamed-Slim_Alouini
H._Vincent_Poor,Philip_S._Yu
H._Vincent_Poor,Wei_Zhang
H._Vincent_Poor,Wei_Wang
H._Vincent_Poor,Lajos_Hanzo
H._Vincent_Poor,Wei_Li
H._Vincent_Poor,Wen_Gao_0001
H._Vincent_Poor,Victor_C._M._Leung
H._Vincent_Poor,Yu_Zhang
H._Vincent_Poor,Mohamed-Slim_Alouini
H._Vincent_Poor,Philip_S._Yu
H._Vincent_Poor,Wei_Zhang
H._Vincent_Poor,Wei_Wang
H._Vincent_Poor,Lajos_Hanzo
H._Vincent_Poor,Wei_Li
H._Vincent_Poor,Wen_Gao_0001
H._Vincent_Poor,Victor_C._M._Leung
H._Vincent_Poor,Yu_Zhang
H._Vincent_Poor,Mohamed-Slim_Alouini
H._Vincent_Poor,Philip_S._Yu
H._Vincent_Poor,Wei_Zhang
H._Vincent_Poor,Wei_Wang
H._Vincent_Poor,Lajos_Hanzo
H._Vincent_Poor,Wei_Li
H._Vincent_Poor,Wen_Gao_0001
H._Vincent_Poor,Victor_C._M._Leung
H._Vincent_Poor,Yu_Zhang
H._Vincent_Poor,Mohamed-Slim_Alouini
H._Vincent_Poor,Philip_S._Yu
H._Vincent_Poor,Wei_Zhang
H._Vincent_Poor,Wei_Wang
H._Vincent_Poor,Lajos_Hanzo
H._Vincent_Poor,Wei_Li
H._Vincent_Poor,Wen_Gao_0001
H._Vincent_Poor,Victor_C._M._Leung
H._Vincent_Poor,Yu_Zhang
H._Vincent_Poor,Mohamed-Slim_Alouini
H._Vincent_Poor,Philip_S._Yu
H._Vincent_Poor,Wei_Zhang
H._Vincent_Poor,Wei_Wang
H._Vincent_Poor,Lajos_Hanzo
H._Vincent_Poor,Wei_Li
H._Vincent_Poor,Wen_Gao_0001
H._Vincent_Poor,Victor_C._M._Leung
H._Vincent_Poor,Yu_Zhang
H._Vincent_Poor,Mohamed-Slim_Alouini
H._Vincent_Poor,Philip_S._Yu
H._Vincent_Poor,Wei_Zhang
H._Vincent_Poor,Wei_Wang
H._Vincent_Poor,Lajos_Hanzo
H._Vincent_Poor,Wei_Li
H._Vincent_Poor,Wen_Gao_0001
H._Vincent_Poor,Victor_C._M._Leung
H._Vincent_Poor,Yu_Zhang
H._Vincent_Poor,Mohamed-Slim_Alouini
H._Vincent_Poor,Philip_S._Yu
H._Vincent_Poor,Wei_Zhang
H._Vincent_Poor,Wei_Wang
H._Vincent_Poor,Lajos_Hanzo
H._Vincent_Poor,Wei_Li
H._Vincent_Poor,Wen_Gao_0001
H._Vincent_Poor,Victor_C._M._Leung
H._Vincent_Poor,Yu_Zhang
H._Vincent_Poor,Mohamed-Slim_Alouini
H._Vincent_Poor,Philip_S._Yu
H._Vincent_Poor,Wei_Zhang
H._Vincent_Poor,Wei_Wang
H._Vincent_Poor,Lajos_Hanzo
H._Vincent_Poor,Wei_Li
H._Vincent_Poor,Wen_Gao_0001
H._Vincent_Poor,Victor_C._M._Leung
H._Vincent_Poor,Yu_Zhang
H._Vincent_Poor,Mohamed-Slim_Alouini
H._Vincent_Poor,Philip_S._Yu
H._Vincent_Poor,Wei_Zhang
H._Vincent_Poor,Wei_Wang
H._Vincent_Poor,Lajos_Hanzo
H._Vincent_Poor,Wei_Li
H._Vincent_Poor,Wen_Gao_0001
H._Vincent_Poor,Victor_C._M._Leung
H._Vincent_Poor,Yu_Zhang
H._Vincent_Poor,Mohamed-Slim_Alouini
H._Vincent_Poor,Philip_S._Yu
H._Vincent_Poor,Wei_Zhang
H._Vincent_Poor,Wei_Wang
H._Vincent_Poor,Lajos_Hanzo
H._Vincent_Poor,Wei_Li
H._Vincent_Poor,Wen_Gao_0001
H._Vincent_Poor,Victor_C._M._Leung
H._Vincent_Poor,Yu_Zhang
H._Vincent_Poor,Mohamed-Slim_Alouini
H._Vincent_Poor,Philip_S._Yu
H._Vincent_Poor,Wei_Zhang
H._Vincent_Poor,Wei_Wang
H._Vincent_Poor,Lajos_Hanzo
H._Vincent_Poor,Wei_Li
H._Vincent_Poor,Wen_Gao_0001
H._Vincent_Poor,Victor_C._M._Leung
H._Vincent_Poor,Yu_Zhang
H._Vincent_Poor,Mohamed-Slim_Alouini
H._Vincent_Poor,Philip_S._Yu
H._Vincent_Poor,Wei_Zhang
H._Vincent_Poor,Wei_Wang
H._Vincent_Poor,Lajos_Hanzo
H._Vincent_Poor,Wei_Li
H._Vincent_Poor,Wen_Gao_0001
H._Vincent_Poor,Victor_C._M._Leung
H._Vincent_Poor,Yu_Zhang
H._Vincent_Poor,Mohamed-Slim_Alouini
H._Vincent_Poor,Philip_S._Yu
H._Vincent_Poor,Wei_Zhang
H._Vincent_Poor,Wei_Wang
H._Vincent_Poor,Lajos_Hanzo
H._Vincent_Poor,Wei_Li
H._Vincent_Poor,Wen_Gao_0001
H._Vincent_Poor,Victor_C._M._Leung
H._Vincent_Poor,Yu_Zhang
H._Vincent_Poor,Mohamed-Slim_Alouini
H._Vincent_Poor,Philip_S._Yu
H._Vincent_Poor,Wei_Zhang
H._Vincent_Poor,Wei_Wang
H._Vincent_Poor,Lajos_Hanzo
H._Vincent_Poor,Wei_Li
H._Vincent_Poor,Wen_Gao_0001
H._Vincent_Poor,Victor_C._M._Leung
H._Vincent_Poor,Yu_Zhang
H._Vincent_Poor,Mohamed-Slim_Alouini
H._Vincent_Poor,Philip_S._Yu
H._Vincent_Poor,Wei_Zhang
H._Vincent_Poor,Wei_Wang
H._Vincent_Poor,Lajos_Hanzo
H._Vincent_Poor,Wei_Li
H._Vincent_Poor,Wen_Gao_0001
H._Vincent_Poor,Victor_C._M._Leung
H._Vincent_Poor,Yu_Zhang
H._Vincent_Poor,Mohamed-Slim_Alouini
H._Vincent_Poor,Philip_S._Yu
H._Vincent_Poor,Wei_Zhang
H._Vincent_Poor,Wei_Wang
H._Vincent_Poor,Lajos_Hanzo
H._Vincent_Poor,Wei_Li
H._Vincent_Poor,Wen_Gao_0001
H._Vincent_Poor,Victor_C._M._Leung
H._Vincent_Poor,Yu_Zhang
H._Vincent_Poor,Mohamed-Slim_Alouini
H._Vincent_Poor,Philip_S._Yu
H._Vincent_Poor,Wei_Zhang
H._Vincent_Poor,Wei_Wang
H._Vincent_Poor,Lajos_Hanzo
H._Vincent_Poor,Wei_Li
H._Vincent_Poor,Wen_Gao_0001
H._Vincent_Poor,Victor_C._M._Leung
H._Vincent_Poor,Yu_Zhang
H._Vincent_Poor,Mohamed-Slim_Alouini
H._Vincent_Poor,Philip_S._Yu
H._Vincent_Poor,Wei_Zhang
H._Vincent_Poor,Wei_Wang
H._Vincent_Poor,Lajos_Hanzo
H._Vincent_Poor,Wei_Li
H._Vincent_Poor,Wen_Gao_0001
H._Vincent_Poor,Victor_C._M._Leung
H._Vincent_Poor,Yu_Zhang
H._Vincent_Poor,Mohamed-Slim_Alouini
H._Vincent_Poor,Philip_S._Yu
H._Vincent_Poor,Wei_Zhang
H._Vincent_Poor,Wei_Wang
H._Vincent_Poor,Lajos_Hanzo
H._Vincent_Poor,Wei_Li
H._Vincent_Poor,Wen_Gao_0001
H._Vincent_Poor,Victor_C._M._Leung
H._Vincent_Poor,Yu_Zhang
H._Vincent_Poor,Mohamed-Slim_Alouini
H._Vincent_Poor,Philip_S._Yu
H._Vincent_Poor,Wei_Zhang
H._Vincent_Poor,Wei_Wang
H._Vincent_Poor,Lajos_Hanzo
H._Vincent_Poor,Wei_Li
H._Vincent_Poor,Wen_Gao_0001
H._Vincent_Poor,Victor_C._M._Leung
H._Vincent_Poor,Yu_Zhang
H._Vincent_Poor,Mohamed-Slim_Alouini
H._Vincent_Poor,Philip_S._Yu
H._Vincent_Poor,Wei_Zhang
H._Vincent_Poor,Wei_Wang
H._Vincent_Poor,Lajos_Hanzo
H._Vincent_Poor,Wei_Li
H._Vincent_Poor,Wen_Gao_0001
H._Vincent_Poor,Victor_C._M._Leung
H._Vincent_Poor,Yu_Zhang
H._Vincent_Poor,Mohamed-Slim_Alouini
H._Vincent_Poor,Philip_S._Yu
H._Vincent_Poor,Wei_Zhang
H._Vincent_Poor,Wei_Wang
H._Vincent_Poor,Lajos_Hanzo
H._Vincent_Poor,Wei_Li
H._Vincent_Poor,Wen_Gao_0001
H._Vincent_Poor,Victor_C._M._Leung
H._Vincent_Poor,Yu_Zhang
H._Vincent_Poor,Mohamed-Slim_Alouini
H._Vincent_Poor,Philip_S._Yu
H._Vincent_Poor,Wei_Zhang
H._Vincent_Poor,Wei_Wang
H._Vincent_Poor,Lajos_Hanzo
H._Vincent_Poor,Wei_Li
H._Vincent_Poor,Wen_Gao_0001
H._Vincent_Poor,Victor_C._M._Leung
H._Vincent_Poor,Yu_Zhang
H._Vincent_Poor,Mohamed-Slim_Alouini
H._Vincent_Poor,Philip_S._Yu
H._Vincent_Poor,Wei_Zhang
H._Vincent_Poor,Wei_Wang
H._Vincent_Poor,Lajos_Hanzo
H._Vincent_Poor,Wei_Li
H._Vincent_Poor,Wen_Gao_0001
H._Vincent_Poor,Victor_C._M._Leung
H._Vincent_Poor,Yu_Zhang
H._Vincent_Poor,Mohamed-Slim_Alouini
H._Vincent_Poor,Philip_S._Yu
H._Vincent_Poor,Wei_Zhang
H._Vincent_Poor,Wei_Wang
H._Vincent_Poor,Lajos_Hanzo
H._Vincent_Poor,Wei_Li
H._Vincent_Poor,Wen_Gao_0001
H._Vincent_Poor,Victor_C._M._Leung
H._Vincent_Poor,Yu_Zhang
H._Vincent_Poor,Mohamed-Slim_Alouini
H._Vincent_Poor,Philip_S._Yu
H._Vincent_Poor,Wei_Zhang
H._Vincent_Poor,Wei_Wang
H._Vincent_Poor,Lajos_Hanzo
H._Vincent_Poor,Wei_Li
H._Vincent_Poor,Wen_Gao_0001
H._Vincent_Poor,Victor_C._M._Leung
H._Vincent_Poor,Yu_Zhang
H._Vincent_Poor,Mohamed-Slim_Alouini
H._Vincent_Poor,Philip_S._Yu
H._Vincent_Poor,Wei_Zhang
H._Vincent_Poor,Wei_Wang
H._Vincent_Poor,Lajos_Hanzo
H._Vincent_Poor,Wei_Li
H._Vincent_Poor,Wen_Gao_0001
H._Vincent_Poor,Victor_C._M._Leung
H._Vincent_Poor,Yu_Zhang
H._Vincent_Poor,Mohamed-Slim_Alouini
H._Vincent_Poor,Philip_S._Yu
H._Vincent_Poor,Wei_Zhang
H._Vincent_Poor,Wei_Wang
H._Vincent_Poor,Lajos_Hanzo
H._Vincent_Poor,Wei_Li
H._Vincent_Poor,Wen_Gao_0001
H._Vincent_Poor,Victor_C._M._Leung
H._Vincent_Poor,Yu_Zhang
H._Vincent_Poor,Mohamed-Slim_Alouini
H._Vincent_Poor,Philip_S._Yu
H._Vincent_Poor,Wei_Zhang
H._Vincent_Poor,Wei_Wang
H._Vincent_Poor,Lajos_Hanzo
H._Vincent_Poor,Wei_Li
H._Vincent_Poor,Wen_Gao_0001
H._Vincent_Poor,Victor_C._M._Leung
H._Vincent_Poor,Yu_Zhang
H._Vincent_Poor,Mohamed-Slim_Alouini
H._Vincent_Poor,Philip_S._Yu
H._Vincent_Poor,Wei_Zhang
H._Vincent_Poor,Wei_Wang
H._Vincent_Poor,Lajos_Hanzo
H._Vincent_Poor,Wei_Li
H._Vincent_Poor,Wen_Gao_0001
H._Vincent_Poor,Victor_C._M._Leung
H._Vincent_Poor,Yu_Zhang
H._Vincent_Poor,Mohamed-Slim_Alouini
H._Vincent_Poor,Philip_S._Yu
H._Vincent_Poor,Wei_Zhang
H._Vincent_Poor,Wei_Wang
H._Vincent_Poor,Lajos_Hanzo
H._Vincent_Poor,Wei_Li
H._Vincent_Poor,Wen_Gao_0001
H._Vincent_Poor,Victor_C._M._Leung
H._Vincent_Poor,Yu_Zhang
H._Vincent_Poor,Mohamed-Slim_Alouini
H._Vincent_Poor,Philip_S._Yu
H._Vincent_Poor,Wei_Zhang
H._Vincent_Poor,Wei_Wang
H._Vincent_Poor,Lajos_Hanzo
H._Vincent_Poor,Wei_Li
H._Vincent_Poor,Wen_Gao_0001
H._Vincent_Poor,Victor_C._M._Leung
H._Vincent_Poor,Yu_Zhang
H._Vincent_Poor,Mohamed-Slim_Alouini
H._Vincent_Poor,Philip_S._Yu
H._Vincent_Poor,Wei_Zhang
H._Vincent_Poor,Wei_Wang
H._Vincent_Poor,Lajos_Hanzo
H._Vincent_Poor,Wei_Li
H._Vincent_Poor,Wen_Gao_0001
H._Vincent_Poor,Victor_C._M._Leung
H._Vincent_Poor,Yu_Zhang
H._Vincent_Poor,Mohamed-Slim_Alouini
H._Vincent_Poor,Philip_S._Yu
H._Vincent_Poor,Wei_Zhang
H._Vincent_Poor,Wei_Wang
H._Vincent_Poor,Lajos_Hanzo
H._Vincent_Poor,Wei_Li
H._Vincent_Poor,Wen_Gao_0001
H._Vincent_Poor,Victor_C._M._Leung
H._Vincent_Poor,Yu_Zhang
H._Vincent_Poor,Mohamed-Slim_Alouini
H._Vincent_Poor,Philip_S._Yu
H._Vincent_Poor,Wei_Zhang
H._Vincent_Poor,Wei_Wang
H._Vincent_Poor,Lajos_Hanzo
H._Vincent_Poor,Wei_Li
H._Vincent_Poor,Wen_Gao_0001
H._Vincent_Poor,Victor_C._M._Leung
H._Vincent_Poor,Yu_Zhang
H._Vincent_Poor,Mohamed-Slim_Alouini
H._Vincent_Poor,Philip_S._Yu
H._Vincent_Poor,Wei_Zhang
H._Vincent_Poor,Wei_Wang
H._Vincent_Poor,Lajos_Hanzo
H._Vincent_Poor,Wei_Li
H._Vincent_Poor,Wen_Gao_0001
H._Vincent_Poor,Victor_C._M._Leung
H._Vincent_Poor,Yu_Zhang
H._Vincent_Poor,Mohamed-Slim_Alouini
H._Vincent_Poor,Philip_S._Yu
H._Vincent_Poor,Wei_Zhang
H._Vincent_Poor,Wei_Wang
H._Vincent_Poor,Lajos_Hanzo
H._Vincent_Poor,Wei_Li
H._Vincent_Poor,Wen_Gao_0001
H._Vincent_Poor,Victor_C._M._Leung
H._Vincent_Poor,Yu_Zhang
H._Vincent_Poor,Mohamed-Slim_Alouini
H._Vincent_Poor,Philip_S._Yu
H._Vincent_Poor,Wei_Zhang
H._Vincent_Poor,Wei_Wang
H._Vincent_Poor,Lajos_Hanzo
H._Vincent_Poor,Wei_Li
H._Vincent_Poor,Wen_Gao_0001
H._Vincent_Poor,Victor_C._M._Leung
H._Vincent_Poor,Yu_Zhang
H._Vincent_Poor,Mohamed-Slim_Alouini
H._Vincent_Poor,Philip_S._Yu
H._Vincent_Poor,Wei_Zhang
H._Vincent_Poor,Wei_Wang
H._Vincent_Poor,Lajos_Hanzo
H._Vincent_Poor,Wei_Li
H._Vincent_Poor,Wen_Gao_0001
H._Vincent_Poor,Victor_C._M._Leung
H._Vincent_Poor,Yu_Zhang
H._Vincent_Poor,Mohamed-Slim_Alouini
H._Vincent_Poor,Philip_S._Yu
H._Vincent_Poor,Wei_Zhang
H._Vincent_Poor,Wei_Wang
H._Vincent_Poor,Lajos_Hanzo
H._Vincent_Poor,Wei_Li
H._Vincent_Poor,Wen_Gao_0001
H._Vincent_Poor,Victor_C._M._Leung
H._Vincent_Poor,Yu_Zhang
H._Vincent_Poor,Mohamed-Slim_Alouini
H._Vincent_Poor,Philip_S._Yu
H._Vincent_Poor,Wei_Zhang
H._Vincent_Poor,Wei_Wang
H._Vincent_Poor,Lajos_Hanzo
H._Vincent_Poor,Wei_Li
H._Vincent_Poor,Wen_Gao_0001
H._Vincent_Poor,Victor_C._M._Leung
H._Vincent_Poor,Yu_Zhang
H._Vincent_Poor,Mohamed-Slim_Alouini
H._Vincent_Poor,Philip_S._Yu
H._Vincent_Poor,Wei_Zhang
H._Vincent_Poor,Wei_Wang
H._Vincent_Poor,Lajos_Hanzo
H._Vincent_Poor,Wei_Li
H._Vincent_Poor,Wen_Gao_0001
H._Vincent_Poor,Victor_C._M._Leung
H._Vincent_Poor,Yu_Zhang
H._Vincent_Poor,Mohamed-Slim_Alouini
H._Vincent_Poor,Philip_S._Yu
H._Vincent_Poor,Wei_Zhang
H._Vincent_Poor,Wei_Wang
H._Vincent_Poor,Lajos_Hanzo
H._Vincent_Poor,Wei_Li
H._Vincent_Poor,Wen_Gao_0001
H._Vincent_Poor,Victor_C._M._Leung
H._Vincent_Poor,Yu_Zhang
H._Vincent_Poor,Mohamed-Slim_Alouini
H._Vincent_Poor,Philip_S._Yu
H._Vincent_Poor,Wei_Zhang
H._Vincent_Poor,Wei_Wang
H._Vincent_Poor,Lajos_Hanzo
H._Vincent_Poor,Wei_Li
H._Vincent_Poor,Wen_Gao_0001
H._Vincent_Poor,Victor_C._M._Leung
H._Vincent_Poor,Yu_Zhang
H._Vincent_Poor,Mohamed-Slim_Alouini
H._Vincent_Poor,Philip_S._Yu
H._Vincent_Poor,Wei_Zhang
H._Vincent_Poor,Wei_Wang
H._Vincent_Poor,Lajos_Hanzo
H._Vincent_Poor,Wei_Li
H._Vincent_Poor,Wen_Gao_0001
H._Vincent_Poor,Victor_C._M._Leung
H._Vincent_Poor,Yu_Zhang
H._Vincent_Poor,Mohamed-Slim_Alouini
H._Vincent_Poor,Philip_S._Yu
H._Vincent_Poor,Wei_Zhang
H._Vincent_Poor,Wei_Wang
H._Vincent_Poor,Lajos_Hanzo
H._Vincent_Poor,Wei_Li
H._Vincent_Poor,Wen_Gao_0001
H._Vincent_Poor,Victor_C._M._Leung
H._Vincent_Poor,Yu_Zhang
H._Vincent_Poor,Mohamed-Slim_Alouini
H._Vincent_Poor,Philip_S._Yu
H._Vincent_Poor,Wei_Zhang
H._Vincent_Poor,Wei_Wang
H._Vincent_Poor,Lajos_Hanzo
H._Vincent_Poor,Wei_Li
H._Vincent_Poor,Wen_Gao_0001
H._Vincent_Poor,Victor_C._M._Leung
H._Vincent_Poor,Yu_Zhang
H._Vincent_Poor,Mohamed-Slim_Alouini
H._Vincent_Poor,Philip_S._Yu
H._Vincent_Poor,Wei_Zhang
H._Vincent_Poor,Wei_Wang
H._Vincent_Poor,Lajos_Hanzo
H._Vincent_Poor,Wei_Li
H._Vincent_Poor,Wen_Gao_0001
H._Vincent_Poor,Victor_C._M._Leung
H._Vincent_Poor,Yu_Zhang
H._Vincent_Poor,Mohamed-Slim_Alouini
H._Vincent_Poor,Philip_S._Yu
H._Vincent_Poor,Wei_Zhang
H._Vincent_Poor,Wei_Wang
H._Vincent_Poor,Lajos_Hanzo
H._Vincent_Poor,Wei_Li
H._Vincent_Poor,Wen_Gao_0001
H._Vincent_Poor,Victor_C._M._Leung
H._Vincent_Poor,Yu_Zhang
H._Vincent_Poor,Mohamed-Slim_Alouini
H._Vincent_Poor,Philip_S._Yu
H._Vincent_Poor,Wei_Zhang
H._Vincent_Poor,Wei_Wang
H._Vincent_Poor,Lajos_Hanzo
H._Vincent_Poor,Wei_Li
H._Vincent_Poor,Wen_Gao_0001
H._Vincent_Poor,Victor_C._M._Leung
H._Vincent_Poor,Yu_Zhang
H._Vincent_Poor,Mohamed-Slim_Alouini
H._Vincent_Poor,Philip_S._Yu
H._Vincent_Poor,Wei_Zhang
H._Vincent_Poor,Wei_Wang
H._Vincent_Poor,Lajos_Hanzo
H._Vincent_Poor,Wei_Li
H._Vincent_Poor,Wen_Gao_0001
H._Vincent_Poor,Victor_C._M._Leung
H._Vincent_Poor,Yu_Zhang
H._Vincent_Poor,Mohamed-Slim_Alouini
H._Vincent_Poor,Philip_S._Yu
H._Vincent_Poor,Wei_Zhang
H._Vincent_Poor,Wei_Wang
H._Vincent_Poor,Lajos_Hanzo
H._Vincent_Poor,Wei_Li
H._Vincent_Poor,Wen_Gao_0001
H._Vincent_Poor,Victor_C._M._Leung
H._Vincent_Poor,Yu_Zhang
H._Vincent_Poor,Mohamed-Slim_Alouini
H._Vincent_Poor,Philip_S._Yu
H._Vincent_Poor,Wei_Zhang
H._Vincent_Poor,Wei_Wang
H._Vincent_Poor,Lajos_Hanzo
H._Vincent_Poor,Wei_Li
H._Vincent_Poor,Wen_Gao_0001
H._Vincent_Poor,Victor_C._M._Leung
H._Vincent_Poor,Yu_Zhang
H._Vincent_Poor,Mohamed-Slim_Alouini
H._Vincent_Poor,Philip_S._Yu
H._Vincent_Poor,Wei_Zhang
H._Vincent_Poor,Wei_Wang
H._Vincent_Poor,Lajos_Hanzo
H._Vincent_Poor,Wei_Li
H._Vincent_Poor,Wen_Gao_0001
H._Vincent_Poor,Victor_C._M._Leung
H._Vincent_Poor,Yu_Zhang
H._Vincent_Poor,Mohamed-Slim_Alouini
H._Vincent_Poor,Philip_S._Yu
H._Vincent_Poor,Wei_Zhang
H._Vincent_Poor,Wei_Wang
H._Vincent_Poor,Lajos_Hanzo
H._Vincent_Poor,Wei_Li
H._Vincent_Poor,Wen_Gao_0001
H._Vincent_Poor,Victor_C._M._Leung
H._Vincent_Poor,Yu_Zhang
H._Vincent_Poor,Mohamed-Slim_Alouini
H._Vincent_Poor,Philip_S._Yu
H._Vincent_Poor,Wei_Zhang
H._Vincent_Poor,Wei_Wang
H._Vincent_Poor,Lajos_Hanzo
H._Vincent_Poor,Wei_Li
H._Vincent_Poor,Wen_Gao_0001
H._Vincent_Poor,Victor_C._M._Leung
H._Vincent_Poor,Yu_Zhang
H._Vincent_Poor,Mohamed-Slim_Alouini
H._Vincent_Poor,Philip_S._Yu
H._Vincent_Poor,Wei_Zhang
H._Vincent_Poor,Wei_Wang
H._Vincent_Poor,Lajos_Hanzo
H._Vincent_Poor,Wei_Li
H._Vincent_Poor,Wen_Gao_0001
H._Vincent_Poor,Victor_C._M._Leung
H._Vincent_Poor,Yu_Zhang
H._Vincent_Poor,Mohamed-Slim_Alouini
H._Vincent_Poor,Philip_S._Yu
H._Vincent_Poor,Wei_Zhang
H._Vincent_Poor,Wei_Wang
H._Vincent_Poor,Lajos_Hanzo
H._Vincent_Poor,Wei_Li
H._Vincent_Poor,Wen_Gao_0001
H._Vincent_Poor,Victor_C._M._Leung
H._Vincent_Poor,Yu_Zhang
H._Vincent_Poor,Mohamed-Slim_Alouini
H._Vincent_Poor,Philip_S._Yu
H._Vincent_Poor,Wei_Zhang
H._Vincent_Poor,Wei_Wang
H._Vincent_Poor,Lajos_Hanzo
H._Vincent_Poor,Wei_Li
H._Vincent_Poor,Wen_Gao_0001
H._Vincent_Poor,Victor_C._M._Leung
H._Vincent_Poor,Yu_Zhang
H._Vincent_Poor,Mohamed-Slim_Alouini
H._Vincent_Poor,Philip_S._Yu
H._Vincent_Poor,Wei_Zhang
H._Vincent_Poor,Wei_Wang
H._Vincent_Poor,Lajos_Hanzo
H._Vincent_Poor,Wei_Li
H._Vincent_Poor,Wen_Gao_0001
H._Vincent_Poor,Victor_C._M._Leung
H._Vincent_Poor,Yu_Zhang
H._Vincent_Poor,Mohamed-Slim_Alouini
H._Vincent_Poor,Philip_S._Yu
H._Vincent_Poor,Wei_Zhang
H._Vincent_Poor,Wei_Wang
H._Vincent_Poor,Lajos_Hanzo
H._Vincent_Poor,Wei_Li
H._Vincent_Poor,Wen_Gao_0001
H._Vincent_Poor,Victor_C._M._Leung
H._Vincent_Poor,Yu_Zhang
H._Vincent_Poor,Mohamed-Slim_Alouini
H._Vincent_Poor,Philip_S._Yu
H._Vincent_Poor,Wei_Zhang
H._Vincent_Poor,Wei_Wang
H._Vincent_Poor,Lajos_Hanzo
H._Vincent_Poor,Wei_Li
H._Vincent_Poor,Wen_Gao_0001
H._Vincent_Poor,Victor_C._M._Leung
H._Vincent_Poor,Yu_Zhang
H._Vincent_Poor,Mohamed-Slim_Alouini
H._Vincent_Poor,Philip_S._Yu
H._Vincent_Poor,Wei_Zhang
H._Vincent_Poor,Wei_Wang
H._Vincent_Poor,Lajos_Hanzo
H._Vincent_Poor,Wei_Li
H._Vincent_Poor,Wen_Gao_0001
H._Vincent_Poor,Victor_C._M._Leung
H._Vincent_Poor,Yu_Zhang
H._Vincent_Poor,Mohamed-Slim_Alouini
H._Vincent_Poor,Philip_S._Yu
H._Vincent_Poor,Wei_Zhang
H._Vincent_Poor,Wei_Wang
H._Vincent_Poor,Lajos_Hanzo
H._Vincent_Poor,Wei_Li
H._Vincent_Poor,Wen_Gao_0001
H._Vincent_Poor,Victor_C._M._Leung
H._Vincent_Poor,Yu_Zhang
H._Vincent_Poor,Mohamed-Slim_Alouini
H._Vincent_Poor,Philip_S._Yu
H._Vincent_Poor,Wei_Zhang
H._Vincent_Poor,Wei_Wang
H._Vincent_Poor,Lajos_Hanzo
H._Vincent_Poor,Wei_Li
H._Vincent_Poor,Wen_Gao_0001
H._Vincent_Poor,Victor_C._M._Leung
H._Vincent_Poor,Yu_Zhang
H._Vincent_Poor,Mohamed-Slim_Alouini
H._Vincent_Poor,Philip_S._Yu
H._Vincent_Poor,Wei_Zhang
H._Vincent_Poor,Wei_Wang
H._Vincent_Poor,Lajos_Hanzo
H._Vincent_Poor,Wei_Li
H._Vincent_Poor,Wen_Gao_0001
H._Vincent_Poor,Victor_C._M._Leung
H._Vincent_Poor,Yu_Zhang
H._Vincent_Poor,Mohamed-Slim_Alouini
H._Vincent_Poor,Philip_S._Yu
H._Vincent_Poor,Wei_Zhang
H._Vincent_Poor,Wei_Wang
H._Vincent_Poor,Lajos_Hanzo
H._Vincent_Poor,Wei_Li
H._Vincent_Poor,Wen_Gao_0001
H._Vincent_Poor,Victor_C._M._Leung
H._Vincent_Poor,Yu_Zhang
H._Vincent_Poor,Mohamed-Slim_Alouini
H._Vincent_Poor,Philip_S._Yu
H._Vincent_Poor,Wei_Zhang
H._Vincent_Poor,Wei_Wang
H._Vincent_Poor,Lajos_Hanzo
H._Vincent_Poor,Wei_Li
H._Vincent_Poor,Wen_Gao_0001
H._Vincent_Poor,Victor_C._M._Leung
H._Vincent_Poor,Yu_Zhang
H._Vincent_Poor,Mohamed-Slim_Alouini
H._Vincent_Poor,Philip_S._Yu
H._Vincent_Poor,Wei_Zhang
H._Vincent_Poor,Wei_Wang
H._Vincent_Poor,Lajos_Hanzo
H._Vincent_Poor,Wei_Li
H._Vincent_Poor,Wen_Gao_0001
H._Vincent_Poor,Victor_C._M._Leung
H._Vincent_Poor,Yu_Zhang
H._Vincent_Poor,Mohamed-Slim_Alouini
H._Vincent_Poor,Philip_S._Yu
H._Vincent_Poor,Wei_Zhang
H._Vincent_Poor,Wei_Wang
H._Vincent_Poor,Lajos_Hanzo
H._Vincent_Poor,Wei_Li
H._Vincent_Poor,Wen_Gao_0001
H._Vincent_Poor,Victor_C._M._Leung
H._Vincent_Poor,Yu_Zhang
H._Vincent_Poor,Mohamed-Slim_Alouini
H._Vincent_Poor,Philip_S._Yu
H._Vincent_Poor,Wei_Zhang
H._Vincent_Poor,Wei_Wang
H._Vincent_Poor,Lajos_Hanzo
H._Vincent_Poor,Wei_Li
H._Vincent_Poor,Wen_Gao_0001
H._Vincent_Poor,Victor_C._M._Leung
H._Vincent_Poor,Yu_Zhang
H._Vincent_Poor,Mohamed-Slim_Alouini
H._Vincent_Poor,Philip_S._Yu
H._Vincent_Poor,Wei_Zhang
H._Vincent_Poor,Wei_Wang
H._Vincent_Poor,Lajos_Hanzo
H._Vincent_Poor,Wei_Li
H._Vincent_Poor,Wen_Gao_0001
H._Vincent_Poor,Victor_C._M._Leung
H._Vincent_Poor,Yu_Zhang
H._Vincent_Poor,Mohamed-Slim_Alouini
H._Vincent_Poor,Philip_S._Yu
H._Vincent_Poor,Wei_Zhang
H._Vincent_Poor,Wei_Wang
H._Vincent_Poor,Lajos_Hanzo
H._Vincent_Poor,Wei_Li
H._Vincent_Poor,Wen_Gao_0001
H._Vincent_Poor,Victor_C._M._Leung
H._Vincent_Poor,Yu_Zhang
H._Vincent_Poor,Mohamed-Slim_Alouini
H._Vincent_Poor,Philip_S._Yu
H._Vincent_Poor,Wei_Zhang
H._Vincent_Poor,Wei_Wang
H._Vincent_Poor,Lajos_Hanzo
H._Vincent_Poor,Wei_Li
H._Vincent_Poor,Wen_Gao_0001
H._Vincent_Poor,Victor_C._M._Leung
H._Vincent_Poor,Yu_Zhang
H._Vincent_Poor,Mohamed-Slim_Alouini
H._Vincent_Poor,Philip_S._Yu
H._Vincent_Poor,Wei_Zhang
H._Vincent_Poor,Wei_Wang
H._Vincent_Poor,Lajos_Hanzo
H._Vincent_Poor,Wei_Li
H._Vincent_Poor,Wen_Gao_0001
H._Vincent_Poor,Victor_C._M._Leung
H._Vincent_Poor,Yu_Zhang
H._Vincent_Poor,Mohamed-Slim_Alouini
H._Vincent_Poor,Philip_S._Yu
H._Vincent_Poor,Wei_Zhang
H._Vincent_Poor,Wei_Wang
H._Vincent_Poor,Lajos_Hanzo
H._Vincent_Poor,Wei_Li
H._Vincent_Poor,Wen_Gao_0001
H._Vincent_Poor,Victor_C._M._Leung
H._Vincent_Poor,Yu_Zhang
H._Vincent_Poor,Mohamed-Slim_Alouini
H._Vincent_Poor,Philip_S._Yu
H._Vincent_Poor,Wei_Zhang
H._Vincent_Poor,Wei_Wang
H._Vincent_Poor,Lajos_Hanzo
H._Vincent_Poor,Wei_Li
H._Vincent_Poor,Wen_Gao_0001
H._Vincent_Poor,Victor_C._M._Leung
H._Vincent_Poor,Yu_Zhang
H._Vincent_Poor,Mohamed-Slim_Alouini
H._Vincent_Poor,Philip_S._Yu
H._Vincent_Poor,Wei_Zhang
H._Vincent_Poor,Wei_Wang
H._Vincent_Poor,Lajos_Hanzo
H._Vincent_Poor,Wei_Li
H._Vincent_Poor,Wen_Gao_0001
H._Vincent_Poor,Victor_C._M._Leung
H._Vincent_Poor,Yu_Zhang
H._Vincent_Poor,Mohamed-Slim_Alouini
H._Vincent_Poor,Philip_S._Yu
H._Vincent_Poor,Wei_Zhang
H._Vincent_Poor,Wei_Wang
H._Vincent_Poor,Lajos_Hanzo
H._Vincent_Poor,Wei_Li
H._Vincent_Poor,Wen_Gao_0001
H._Vincent_Poor,Victor_C._M._Leung
H._Vincent_Poor,Yu_Zhang
H._Vincent_Poor,Mohamed-Slim_Alouini
H._Vincent_Poor,Philip_S._Yu
H._Vincent_Poor,Wei_Zhang
H._Vincent_Poor,Wei_Wang
H._Vincent_Poor,Lajos_Hanzo
H._Vincent_Poor,Wei_Li
H._Vincent_Poor,Wen_Gao_0001
H._Vincent_Poor,Victor_C._M._Leung
H._Vincent_Poor,Yu_Zhang
H._Vincent_Poor,Mohamed-Slim_Alouini
H._Vincent_Poor,Philip_S._Yu
H._Vincent_Poor,Wei_Zhang
H._Vincent_Poor,Wei_Wang
H._Vincent_Poor,Lajos_Hanzo
H._Vincent_Poor,Wei_Li
H._Vincent_Poor,Wen_Gao_0001
H._Vincent_Poor,Victor_C._M._Leung
H._Vincent_Poor,Yu_Zhang
H._Vincent_Poor,Mohamed-Slim_Alouini
H._Vincent_Poor,Philip_S._Yu
H._Vincent_Poor,Wei_Zhang
H._Vincent_Poor,Wei_Wang
H._Vincent_Poor,Lajos_Hanzo
H._Vincent_Poor,Wei_Li
H._Vincent_Poor,Wen_Gao_0001
H._Vincent_Poor,Victor_C._M._Leung
H._Vincent_Poor,Yu_Zhang
H._Vincent_Poor,Mohamed-Slim_Alouini
H._Vincent_Poor,Philip_S._Yu
H._Vincent_Poor,Wei_Zhang
H._Vincent_Poor,Wei_Wang
H._Vincent_Poor,Lajos_Hanzo
H._Vincent_Poor,Wei_Li
H._Vincent_Poor,Wen_Gao_0001
H._Vincent_Poor,Victor_C._M._Leung
H._Vincent_Poor,Yu_Zhang
H._Vincent_Poor,Mohamed-Slim_Alouini
H._Vincent_Poor,Philip_S._Yu
H._Vincent_Poor,Wei_Zhang
H._Vincent_Poor,Wei_Wang
H._Vincent_Poor,Lajos_Hanzo
H._Vincent_Poor,Wei_Li
H._Vincent_Poor,Wen_Gao_0001
H._Vincent_Poor,Victor_C._M._Leung
H._Vincent_Poor,Yu_Zhang
H._Vincent_Poor,Mohamed-Slim_Alouini
H._Vincent_Poor,Philip_S._Yu
H._Vincent_Poor,Wei_Zhang
H._Vincent_Poor,Wei_Wang
H._Vincent_Poor,Lajos_Hanzo
H._Vincent_Poor,Wei_Li
H._Vincent_Poor,Wen_Gao_0001
H._Vincent_Poor,Victor_C._M._Leung
H._Vincent_Poor,Yu_Zhang
H._Vincent_Poor,Mohamed-Slim_Alouini
H._Vincent_Poor,Philip_S._Yu
H._Vincent_Poor,Wei_Zhang
H._Vincent_Poor,Wei_Wang
H._Vincent_Poor,Lajos_Hanzo
H._Vincent_Poor,Wei_Li
H._Vincent_Poor,Wen_Gao_0001
H._Vincent_Poor,Victor_C._M._Leung
H._Vincent_Poor,Yu_Zhang
H._Vincent_Poor,Mohamed-Slim_Alouini
H._Vincent_Poor,Philip_S._Yu
H._Vincent_Poor,Wei_Zhang
H._Vincent_Poor,Wei_Wang
H._Vincent_Poor,Lajos_Hanzo
H._Vincent_Poor,Wei_Li
H._Vincent_Poor,Wen_Gao_0001
H._Vincent_Poor,Victor_C._M._Leung
H._Vincent_Poor,Yu_Zhang
H._Vincent_Poor,Mohamed-Slim_Alouini
H._Vincent_Poor,Philip_S._Yu
H._Vincent_Poor,Wei_Zhang
H._Vincent_Poor,Wei_Wang
H._Vincent_Poor,Lajos_Hanzo
H._Vincent_Poor,Wei_Li
H._Vincent_Poor,Wen_Gao_0001
H._Vincent_Poor,Victor_C._M._Leung
H._Vincent_Poor,Yu_Zhang
H._Vincent_Poor,Mohamed-Slim_Alouini
H._Vincent_Poor,Philip_S._Yu
H._Vincent_Poor,Wei_Zhang
H._Vincent_Poor,Wei_Wang
H._Vincent_Poor,Lajos_Hanzo
H._Vincent_Poor,Wei_Li
H._Vincent_Poor,Wen_Gao_0001
H._Vincent_Poor,Victor_C._M._Leung
H._Vincent_Poor,Yu_Zhang
H._Vincent_Poor,Mohamed-Slim_Alouini
H._Vincent_Poor,Philip_S._Yu
H._Vincent_Poor,Wei_Zhang
H._Vincent_Poor,Wei_Wang
H._Vincent_Poor,Lajos_Hanzo
H._Vincent_Poor,Wei_Li
H._Vincent_Poor,Wen_Gao_0001
H._Vincent_Poor,Victor_C._M._Leung
H._Vincent_Poor,Yu_Zhang
H._Vincent_Poor,Mohamed-Slim_Alouini
H._Vincent_Poor,Philip_S._Yu
H._Vincent_Poor,Wei_Zhang
H._Vincent_Poor,Wei_Wang
H._Vincent_Poor,Lajos_Hanzo
H._Vincent_Poor,Wei_Li
H._Vincent_Poor,Wen_Gao_0001
H._Vincent_Poor,Victor_C._M._Leung
H._Vincent_Poor,Yu_Zhang
H._Vincent_Poor,Mohamed-Slim_Alouini
H._Vincent_Poor,Philip_S._Yu
H._Vincent_Poor,Wei_Zhang
H._Vincent_Poor,Wei_Wang
H._Vincent_Poor,Lajos_Hanzo
H._Vincent_Poor,Wei_Li
H._Vincent_Poor,Wen_Gao_0001
H._Vincent_Poor,Victor_C._M._Leung
H._Vincent_Poor,Yu_Zhang
H._Vincent_Poor,Mohamed-Slim_Alouini
H._Vincent_Poor,Philip_S._Yu
H._Vincent_Poor,Wei_Zhang
H._Vincent_Poor,Wei_Wang
H._Vincent_Poor,Lajos_Hanzo
H._Vincent_Poor,Wei_Li
H._Vincent_Poor,Wen_Gao_0001
H._Vincent_Poor,Victor_C._M._Leung
H._Vincent_Poor,Yu_Zhang
H._Vincent_Poor,Mohamed-Slim_Alouini
H._Vincent_Poor,Philip_S._Yu
H._Vincent_Poor,Wei_Zhang
H._Vincent_Poor,Wei_Wang
H._Vincent_Poor,Lajos_Hanzo
H._Vincent_Poor,Wei_Li
H._Vincent_Poor,Wen_Gao_0001
H._Vincent_Poor,Victor_C._M._Leung
H._Vincent_Poor,Yu_Zhang
H._Vincent_Poor,Mohamed-Slim_Alouini
H._Vincent_Poor,Philip_S._Yu
H._Vincent_Poor,Wei_Zhang
H._Vincent_Poor,Wei_Wang
H._Vincent_Poor,Lajos_Hanzo
H._Vincent_Poor,Wei_Li
H._Vincent_Poor,Wen_Gao_0001
H._Vincent_Poor,Victor_C._M._Leung
H._Vincent_Poor,Yu_Zhang
H._Vincent_Poor,Mohamed-Slim_Alouini
H._Vincent_Poor,Philip_S._Yu
H._Vincent_Poor,Wei_Zhang
H._Vincent_Poor,Wei_Wang
H._Vincent_Poor,Lajos_Hanzo
H._Vincent_Poor,Wei_Li
H._Vincent_Poor,Wen_Gao_0001
H._Vincent_Poor,Victor_C._M._Leung
H._Vincent_Poor,Yu_Zhang
H._Vincent_Poor,Mohamed-Slim_Alouini
H._Vincent_Poor,Philip_S._Yu
H._Vincent_Poor,Wei_Zhang
H._Vincent_Poor,Wei_Wang
H._Vincent_Poor,Lajos_Hanzo
H._Vincent_Poor,Wei_Li
H._Vincent_Poor,Wen_Gao_0001
H._Vincent_Poor,Victor_C._M._Leung
H._Vincent_Poor,Yu_Zhang
H._Vincent_Poor,Mohamed-Slim_Alouini
H._Vincent_Poor,Philip_S._Yu
H._Vincent_Poor,Wei_Zhang
H._Vincent_Poor,Wei_Wang
H._Vincent_Poor,Lajos_Hanzo
H._Vincent_Poor,Wei_Li
H._Vincent_Poor,Wen_Gao_0001
H._Vincent_Poor,Victor_C._M._Leung
H._Vincent_Poor,Yu_Zhang
H._Vincent_Poor,Mohamed-Slim_Alouini
H._Vincent_Poor,Philip_S._Yu
H._Vincent_Poor,Wei_Zhang
H._Vincent_Poor,Wei_Wang
H._Vincent_Poor,Lajos_Hanzo
H._Vincent_Poor,Wei_Li
H._Vincent_Poor,Wen_Gao_0001
H._Vincent_Poor,Victor_C._M._Leung
H._Vincent_Poor,Yu_Zhang
H._Vincent_Poor,Mohamed-Slim_Alouini
H._Vincent_Poor,Philip_S._Yu
H._Vincent_Poor,Wei_Zhang
H._Vincent_Poor,Wei_Wang
H._Vincent_Poor,Lajos_Hanzo
H._Vincent_Poor,Wei_Li
H._Vincent_Poor,Wen_Gao_0001
H._Vincent_Poor,Victor_C._M._Leung
H._Vincent_Poor,Yu_Zhang
H._Vincent_Poor,Mohamed-Slim_Alouini
H._Vincent_Poor,Philip_S._Yu
H._Vincent_Poor,Wei_Zhang
H._Vincent_Poor,Wei_Wang
H._Vincent_Poor,Lajos_Hanzo
H._Vincent_Poor,Wei_Li
H._Vincent_Poor,Wen_Gao_0001
H._Vincent_Poor,Victor_C._M._Leung
H._Vincent_Poor,Yu_Zhang
H._Vincent_Poor,Mohamed-Slim_Alouini
H._Vincent_Poor,Philip_S._Yu
H._Vincent_Poor,Wei_Zhang
H._Vincent_Poor,Wei_Wang
H._Vincent_Poor,Lajos_Hanzo
H._Vincent_Poor,Wei_Li
H._Vincent_Poor,Wen_Gao_0001
H._Vincent_Poor,Victor_C._M._Leung
H._Vincent_Poor,Yu_Zhang
H._Vincent_Poor,Mohamed-Slim_Alouini
H._Vincent_Poor,Philip_S._Yu
H._Vincent_Poor,Wei_Zhang
H._Vincent_Poor,Wei_Wang
H._Vincent_Poor,Lajos_Hanzo
H._Vincent_Poor,Wei_Li
H._Vincent_Poor,Wen_Gao_0001
H._Vincent_Poor,Victor_C._M._Leung
H._Vincent_Poor,Yu_Zhang
H._Vincent_Poor,Mohamed-Slim_Alouini
H._Vincent_Poor,Philip_S._Yu
H._Vincent_Poor,Wei_Zhang
H._Vincent_Poor,Wei_Wang
H._Vincent_Poor,Lajos_Hanzo
H._Vincent_Poor,Wei_Li
H._Vincent_Poor,Wen_Gao_0001
H._Vincent_Poor,Victor_C._M._Leung
H._Vincent_Poor,Yu_Zhang
H._Vincent_Poor,Mohamed-Slim_Alouini
H._Vincent_Poor,Philip_S._Yu
H._Vincent_Poor,Wei_Zhang
H._Vincent_Poor,Wei_Wang
H._Vincent_Poor,Lajos_Hanzo
H._Vincent_Poor,Wei_Li
H._Vincent_Poor,Wen_Gao_0001
H._Vincent_Poor,Victor_C._M._Leung
H._Vincent_Poor,Yu_Zhang
H._Vincent_Poor,Mohamed-Slim_Alouini
H._Vincent_Poor,Philip_S._Yu
H._Vincent_Poor,Wei_Zhang
H._Vincent_Poor,Wei_Wang
H._Vincent_Poor,Lajos_Hanzo
H._Vincent_Poor,Wei_Li
H._Vincent_Poor,Wen_Gao_0001
H._Vincent_Poor,Victor_C._M._Leung
H._Vincent_Poor,Yu_Zhang
H._Vincent_Poor,Mohamed-Slim_Alouini
H._Vincent_Poor,Philip_S._Yu
H._Vincent_Poor,Wei_Zhang
H._Vincent_Poor,Wei_Wang
H._Vincent_Poor,Lajos_Hanzo
H._Vincent_Poor,Wei_Li
H._Vincent_Poor,Wen_Gao_0001
H._Vincent_Poor,Victor_C._M._Leung
H._Vincent_Poor,Yu_Zhang
H._Vincent_Poor,Mohamed-Slim_Alouini
H._Vincent_Poor,Philip_S._Yu
H._Vincent_Poor,Wei_Zhang
H._Vincent_Poor,Wei_Wang
H._Vincent_Poor,Lajos_Hanzo
H._Vincent_Poor,Wei_Li
H._Vincent_Poor,Wen_Gao_0001
H._Vincent_Poor,Victor_C._M._Leung
H._Vincent_Poor,Yu_Zhang
H._Vincent_Poor,Mohamed-Slim_Alouini
H._Vincent_Poor,Philip_S._Yu
H._Vincent_Poor,Wei_Zhang
H._Vincent_Poor,Wei_Wang
H._Vincent_Poor,Lajos_Hanzo
H._Vincent_Poor,Wei_Li
H._Vincent_Poor,Wen_Gao_0001
H._Vincent_Poor,Victor_C._M._Leung
H._Vincent_Poor,Yu_Zhang
H._Vincent_Poor,Mohamed-Slim_Alouini
H._Vincent_Poor,Philip_S._Yu
H._Vincent_Poor,Wei_Zhang
H._Vincent_Poor,Wei_Wang
H._Vincent_Poor,Lajos_Hanzo
H._Vincent_Poor,Wei_Li
H._Vincent_Poor,Wen_Gao_0001
H._Vincent_Poor,Victor_C._M._Leung
H._Vincent_Poor,Yu_Zhang
H._Vincent_Poor,Mohamed-Slim_Alouini
H._Vincent_Poor,Philip_S._Yu
H._Vincent_Poor,Wei_Zhang
H._Vincent_Poor,Wei_Wang
H._Vincent_Poor,Lajos_Hanzo
H._Vincent_Poor,Wei_Li
H._Vincent_Poor,Wen_Gao_0001
H._Vincent_Poor,Victor_C._M._Leung
H._Vincent_Poor,Yu_Zhang
H._Vincent_Poor,Mohamed-Slim_Alouini
H._Vincent_Poor,Philip_S._Yu
H._Vincent_Poor,Wei_Zhang
H._Vincent_Poor,Wei_Wang
H._Vincent_Poor,Lajos_Hanzo
H._Vincent_Poor,Wei_Li
H._Vincent_Poor,Wen_Gao_0001
H._Vincent_Poor,Victor_C._M._Leung
H._Vincent_Poor,Yu_Zhang
H._Vincent_Poor,Mohamed-Slim_Alouini
H._Vincent_Poor,Philip_S._Yu
H._Vincent_Poor,Wei_Zhang
H._Vincent_Poor,Wei_Wang
H._Vincent_Poor,Lajos_Hanzo
H._Vincent_Poor,Wei_Li
H._Vincent_Poor,Wen_Gao_0001
H._Vincent_Poor,Victor_C._M._Leung
H._Vincent_Poor,Yu_Zhang
H._Vincent_Poor,Mohamed-Slim_Alouini
H._Vincent_Poor,Philip_S._Yu
H._Vincent_Poor,Wei_Zhang
H._Vincent_Poor,Wei_Wang
H._Vincent_Poor,Lajos_Hanzo
H._Vincent_Poor,Wei_Li
H._Vincent_Poor,Wen_Gao_0001
H._Vincent_Poor,Victor_C._M._Leung
H._Vincent_Poor,Yu_Zhang
H._Vincent_Poor,Mohamed-Slim_Alouini
H._Vincent_Poor,Philip_S._Yu
H._Vincent_Poor,Wei_Zhang
H._Vincent_Poor,Wei_Wang
H._Vincent_Poor,Lajos_Hanzo
H._Vincent_Poor,Wei_Li
H._Vincent_Poor,Wen_Gao_0001
H._Vincent_Poor,Victor_C._M._Leung
H._Vincent_Poor,Yu_Zhang
H._Vincent_Poor,Mohamed-Slim_Alouini
H._Vincent_Poor,Philip_S._Yu
H._Vincent_Poor,Wei_Zhang
H._Vincent_Poor,Wei_Wang
H._Vincent_Poor,Lajos_Hanzo
H._Vincent_Poor,Wei_Li
H._Vincent_Poor,Wen_Gao_0001
H._Vincent_Poor,Victor_C._M._Leung
H._Vincent_Poor,Yu_Zhang
H._Vincent_Poor,Mohamed-Slim_Alouini
H._Vincent_Poor,Philip_S._Yu
H._Vincent_Poor,Wei_Zhang
H._Vincent_Poor,Wei_Wang
H._Vincent_Poor,Lajos_Hanzo
H._Vincent_Poor,Wei_Li
H._Vincent_Poor,Wen_Gao_0001
H._Vincent_Poor,Victor_C._M._Leung
H._Vincent_Poor,Yu_Zhang
H._Vincent_Poor,Mohamed-Slim_Alouini
H._Vincent_Poor,Philip_S._Yu
H._Vincent_Poor,Wei_Zhang
H._Vincent_Poor,Wei_Wang
H._Vincent_Poor,Lajos_Hanzo
H._Vincent_Poor,Wei_Li
H._Vincent_Poor,Wen_Gao_0001
H._Vincent_Poor,Victor_C._M._Leung
H._Vincent_Poor,Yu_Zhang
H._Vincent_Poor,Mohamed-Slim_Alouini
H._Vincent_Poor,Philip_S._Yu
H._Vincent_Poor,Wei_Zhang
H._Vincent_Poor,Wei_Wang
H._Vincent_Poor,Lajos_Hanzo
H._Vincent_Poor,Wei_Li
H._Vincent_Poor,Wen_Gao_0001
H._Vincent_Poor,Victor_C._M._Leung
H._Vincent_Poor,Yu_Zhang
H._Vincent_Poor,Mohamed-Slim_Alouini
H._Vincent_Poor,Philip_S._Yu
H._Vincent_Poor,Wei_Zhang
H._Vincent_Poor,Wei_Wang
H._Vincent_Poor,Lajos_Hanzo
H._Vincent_Poor,Wei_Li
H._Vincent_Poor,Wen_Gao_0001
H._Vincent_Poor,Victor_C._M._Leung
H._Vincent_Poor,Yu_Zhang
H._Vincent_Poor,Mohamed-Slim_Alouini
H._Vincent_Poor,Philip_S._Yu
H._Vincent_Poor,Wei_Zhang
H._Vincent_Poor,Wei_Wang
H._Vincent_Poor,Lajos_Hanzo
H._Vincent_Poor,Wei_Li
H._Vincent_Poor,Wen_Gao_0001
H._Vincent_Poor,Victor_C._M._Leung
H._Vincent_Poor,Yu_Zhang
H._Vincent_Poor,Mohamed-Slim_Alouini
H._Vincent_Poor,Philip_S._Yu
H._Vincent_Poor,Wei_Zhang
H._Vincent_Poor,Wei_Wang
H._Vincent_Poor,Lajos_Hanzo
H._Vincent_Poor,Wei_Li
H._Vincent_Poor,Wen_Gao_0001
H._Vincent_Poor,Victor_C._M._Leung
H._Vincent_Poor,Yu_Zhang
H._Vincent_Poor,Mohamed-Slim_Alouini
H._Vincent_Poor,Philip_S._Yu
H._Vincent_Poor,Wei_Zhang
H._Vincent_Poor,Wei_Wang
H._Vincent_Poor,Lajos_Hanzo
H._Vincent_Poor,Wei_Li
H._Vincent_Poor,Wen_Gao_0001
H._Vincent_Poor,Victor_C._M._Leung
H._Vincent_Poor,Yu_Zhang
H._Vincent_Poor,Mohamed-Slim_Alouini
H._Vincent_Poor,Philip_S._Yu
H._Vincent_Poor,Wei_Zhang
H._Vincent_Poor,Wei_Wang
H._Vincent_Poor,Lajos_Hanzo
H._Vincent_Poor,Wei_Li
H._Vincent_Poor,Wen_Gao_0001
H._Vincent_Poor,Victor_C._M._Leung
H._Vincent_Poor,Yu_Zhang
H._Vincent_Poor,Mohamed-Slim_Alouini
H._Vincent_Poor,Philip_S._Yu
H._Vincent_Poor,Wei_Zhang
H._Vincent_Poor,Wei_Wang
H._Vincent_Poor,Lajos_Hanzo
H._Vincent_Poor,Wei_Li
H._Vincent_Poor,Wen_Gao_0001
H._Vincent_Poor,Victor_C._M._Leung
H._Vincent_Poor,Yu_Zhang
H._Vincent_Poor,Mohamed-Slim_Alouini
H._Vincent_Poor,Philip_S._Yu
H._Vincent_Poor,Wei_Zhang
H._Vincent_Poor,Wei_Wang
H._Vincent_Poor,Lajos_Hanzo
H._Vincent_Poor,Wei_Li
H._Vincent_Poor,Wen_Gao_0001
H._Vincent_Poor,Victor_C._M._Leung
H._Vincent_Poor,Yu_Zhang
H._Vincent_Poor,Mohamed-Slim_Alouini
H._Vincent_Poor,Philip_S._Yu
H._Vincent_Poor,Wei_Zhang
H._Vincent_Poor,Wei_Wang
H._Vincent_Poor,Lajos_Hanzo
H._Vincent_Poor,Wei_Li
H._Vincent_Poor,Wen_Gao_0001
H._Vincent_Poor,Victor_C._M._Leung
H._Vincent_Poor,Yu_Zhang
H._Vincent_Poor,Mohamed-Slim_Alouini
H._Vincent_Poor,Philip_S._Yu
H._Vincent_Poor,Wei_Zhang
H._Vincent_Poor,Wei_Wang
H._Vincent_Poor,Lajos_Hanzo
H._Vincent_Poor,Wei_Li
H._Vincent_Poor,Wen_Gao_0001
H._Vincent_Poor,Victor_C._M._Leung
H._Vincent_Poor,Yu_Zhang
H._Vincent_Poor,Mohamed-Slim_Alouini
H._Vincent_Poor,Philip_S._Yu
H._Vincent_Poor,Wei_Zhang
H._Vincent_Poor,Wei_Wang
H._Vincent_Poor,Lajos_Hanzo
H._Vincent_Poor,Wei_Li
H._Vincent_Poor,Wen_Gao_0001
H._Vincent_Poor,Victor_C._M._Leung
H._Vincent_Poor,Yu_Zhang
H._Vincent_Poor,Mohamed-Slim_Alouini
H._Vincent_Poor,Philip_S._Yu
H._Vincent_Poor,Wei_Zhang
H._Vincent_Poor,Wei_Wang
H._Vincent_Poor,Lajos_Hanzo
H._Vincent_Poor,Wei_Li
H._Vincent_Poor,Wen_Gao_0001
H._Vincent_Poor,Victor_C._M._Leung
H._Vincent_Poor,Yu_Zhang
H._Vincent_Poor,Mohamed-Slim_Alouini
H._Vincent_Poor,Philip_S._Yu
H._Vincent_Poor,Wei_Zhang
H._Vincent_Poor,Wei_Wang
H._Vincent_Poor,Lajos_Hanzo
H._Vincent_Poor,Wei_Li
H._Vincent_Poor,Wen_Gao_0001
H._Vincent_Poor,Victor_C._M._Leung
H._Vincent_Poor,Yu_Zhang
H._Vincent_Poor,Mohamed-Slim_Alouini
H._Vincent_Poor,Philip_S._Yu
H._Vincent_Poor,Wei_Zhang
H._Vincent_Poor,Wei_Wang
H._Vincent_Poor,Lajos_Hanzo
H._Vincent_Poor,Wei_Li
H._Vincent_Poor,Wen_Gao_0001
H._Vincent_Poor,Victor_C._M._Leung
H._Vincent_Poor,Yu_Zhang
H._Vincent_Poor,Mohamed-Slim_Alouini
H._Vincent_Poor,Philip_S._Yu
H._Vincent_Poor,Wei_Zhang
H._Vincent_Poor,Wei_Wang
H._Vincent_Poor,Lajos_Hanzo
H._Vincent_Poor,Wei_Li
H._Vincent_Poor,Wen_Gao_0001
H._Vincent_Poor,Victor_C._M._Leung
H._Vincent_Poor,Yu_Zhang
H._Vincent_Poor,Mohamed-Slim_Alouini
H._Vincent_Poor,Philip_S._Yu
H._Vincent_Poor,Wei_Zhang
H._Vincent_Poor,Wei_Wang
H._Vincent_Poor,Lajos_Hanzo
H._Vincent_Poor,Wei_Li
H._Vincent_Poor,Wen_Gao_0001
H._Vincent_Poor,Victor_C._M._Leung
H._Vincent_Poor,Yu_Zhang
H._Vincent_Poor,Mohamed-Slim_Alouini
H._Vincent_Poor,Philip_S._Yu
H._Vincent_Poor,Wei_Zhang
H._Vincent_Poor,Wei_Wang
H._Vincent_Poor,Lajos_Hanzo
H._Vincent_Poor,Wei_Li
H._Vincent_Poor,Wen_Gao_0001
H._Vincent_Poor,Victor_C._M._Leung
H._Vincent_Poor,Yu_Zhang
H._Vincent_Poor,Mohamed-Slim_Alouini
H._Vincent_Poor,Philip_S._Yu
H._Vincent_Poor,Wei_Zhang
H._Vincent_Poor,Wei_Wang
H._Vincent_Poor,Lajos_Hanzo
H._Vincent_Poor,Wei_Li
H._Vincent_Poor,Wen_Gao_0001
H._Vincent_Poor,Victor_C._M._Leung
H._Vincent_Poor,Yu_Zhang
H._Vincent_Poor,Mohamed-Slim_Alouini
H._Vincent_Poor,Philip_S._Yu
H._Vincent_Poor,Wei_Zhang
H._Vincent_Poor,Wei_Wang
H._Vincent_Poor,Lajos_Hanzo
H._Vincent_Poor,Wei_Li
H._Vincent_Poor,Wen_Gao_0001
H._Vincent_Poor,Victor_C._M._Leung
H._Vincent_Poor,Yu_Zhang
H._Vincent_Poor,Mohamed-Slim_Alouini
H._Vincent_Poor,Philip_S._Yu
H._Vincent_Poor,Wei_Zhang
H._Vincent_Poor,Wei_Wang
H._Vincent_Poor,Lajos_Hanzo
H._Vincent_Poor,Wei_Li
H._Vincent_Poor,Wen_Gao_0001
H._Vincent_Poor,Victor_C._M._Leung
H._Vincent_Poor,Yu_Zhang
H._Vincent_Poor,Mohamed-Slim_Alouini
H._Vincent_Poor,Philip_S._Yu
H._Vincent_Poor,Wei_Zhang
H._Vincent_Poor,Wei_Wang
H._Vincent_Poor,Lajos_Hanzo
H._Vincent_Poor,Wei_Li
H._Vincent_Poor,Wen_Gao_0001
H._Vincent_Poor,Victor_C._M._Leung
H._Vincent_Poor,Yu_Zhang
H._Vincent_Poor,Mohamed-Slim_Alouini
H._Vincent_Poor,Philip_S._Yu
H._Vincent_Poor,Wei_Zhang
H._Vincent_Poor,Wei_Wang
H._Vincent_Poor,Lajos_Hanzo
H._Vincent_Poor,Wei_Li
H._Vincent_Poor,Wen_Gao_0001
H._Vincent_Poor,Victor_C._M._Leung
H._Vincent_Poor,Yu_Zhang
H._Vincent_Poor,Mohamed-Slim_Alouini
H._Vincent_Poor,Philip_S._Yu
H._Vincent_Poor,Wei_Zhang
H._Vincent_Poor,Wei_Wang
H._Vincent_Poor,Lajos_Hanzo
H._Vincent_Poor,Wei_Li
H._Vincent_Poor,Wen_Gao_0001
H._Vincent_Poor,Victor_C._M._Leung
H._Vincent_Poor,Yu_Zhang
H._Vincent_Poor,Mohamed-Slim_Alouini
H._Vincent_Poor,Philip_S._Yu
H._Vincent_Poor,Wei_Zhang
H._Vincent_Poor,Wei_Wang
H._Vincent_Poor,Lajos_Hanzo
H._Vincent_Poor,Wei_Li
H._Vincent_Poor,Wen_Gao_0001
H._Vincent_Poor,Victor_C._M._Leung
H._Vincent_Poor,Yu_Zhang
H._Vincent_Poor,Mohamed-Slim_Alouini
H._Vincent_Poor,Philip_S._Yu
H._Vincent_Poor,Wei_Zhang
H._Vincent_Poor,Wei_Wang
H._Vincent_Poor,Lajos_Hanzo
H._Vincent_Poor,Wei_Li
H._Vincent_Poor,Wen_Gao_0001
H._Vincent_Poor,Victor_C._M._Leung
H._Vincent_Poor,Yu_Zhang
H._Vincent_Poor,Mohamed-Slim_Alouini
H._Vincent_Poor,Philip_S._Yu
H._Vincent_Poor,Wei_Zhang
H._Vincent_Poor,Wei_Wang
H._Vincent_Poor,Lajos_Hanzo
H._Vincent_Poor,Wei_Li
H._Vincent_Poor,Wen_Gao_0001
H._Vincent_Poor,Victor_C._M._Leung
H._Vincent_Poor,Yu_Zhang
H._Vincent_Poor,Mohamed-Slim_Alouini
H._Vincent_Poor,Philip_S._Yu
H._Vincent_Poor,Wei_Zhang
H._Vincent_Poor,Wei_Wang
H._Vincent_Poor,Lajos_Hanzo
H._Vincent_Poor,Wei_Li
H._Vincent_Poor,Wen_Gao_0001
H._Vincent_Poor,Victor_C._M._Leung
H._Vincent_Poor,Yu_Zhang
H._Vincent_Poor,Mohamed-Slim_Alouini
H._Vincent_Poor,Philip_S._Yu
H._Vincent_Poor,Wei_Zhang
H._Vincent_Poor,Wei_Wang
H._Vincent_Poor,Lajos_Hanzo
H._Vincent_Poor,Wei_Li
H._Vincent_Poor,Wen_Gao_0001
H._Vincent_Poor,Victor_C._M._Leung
H._Vincent_Poor,Yu_Zhang
H._Vincent_Poor,Mohamed-Slim_Alouini
H._Vincent_Poor,Philip_S._Yu
H._Vincent_Poor,Wei_Zhang
H._Vincent_Poor,Wei_Wang
H._Vincent_Poor,Lajos_Hanzo
H._Vincent_Poor,Wei_Li
H._Vincent_Poor,Wen_Gao_0001
H._Vincent_Poor,Victor_C._M._Leung
H._Vincent_Poor,Yu_Zhang
H._Vincent_Poor,Mohamed-Slim_Alouini
H._Vincent_Poor,Philip_S._Yu
H._Vincent_Poor,Wei_Zhang
H._Vincent_Poor,Wei_Wang
H._Vincent_Poor,Lajos_Hanzo
H._Vincent_Poor,Wei_Li
H._Vincent_Poor,Wen_Gao_0001
H._Vincent_Poor,Victor_C._M._Leung
H._Vincent_Poor,Yu_Zhang
H._Vincent_Poor,Mohamed-Slim_Alouini
H._Vincent_Poor,Philip_S._Yu
H._Vincent_Poor,Wei_Zhang
H._Vincent_Poor,Wei_Wang
H._Vincent_Poor,Lajos_Hanzo
H._Vincent_Poor,Wei_Li
H._Vincent_Poor,Wen_Gao_0001
H._Vincent_Poor,Victor_C._M._Leung
H._Vincent_Poor,Yu_Zhang
H._Vincent_Poor,Mohamed-Slim_Alouini
H._Vincent_Poor,Philip_S._Yu
H._Vincent_Poor,Wei_Zhang
H._Vincent_Poor,Wei_Wang
H._Vincent_Poor,Lajos_Hanzo
H._Vincent_Poor,Wei_Li
H._Vincent_Poor,Wen_Gao_0001
H._Vincent_Poor,Victor_C._M._Leung
H._Vincent_Poor,Yu_Zhang
H._Vincent_Poor,Mohamed-Slim_Alouini
H._Vincent_Poor,Philip_S._Yu
H._Vincent_Poor,Wei_Zhang
H._Vincent_Poor,Wei_Wang
H._Vincent_Poor,Lajos_Hanzo
H._Vincent_Poor,Wei_Li
H._Vincent_Poor,Wen_Gao_0001
H._Vincent_Poor,Victor_C._M._Leung
H._Vincent_Poor,Yu_Zhang
H._Vincent_Poor,Mohamed-Slim_Alouini
H._Vincent_Poor,Philip_S._Yu
H._Vincent_Poor,Wei_Zhang
H._Vincent_Poor,Wei_Wang
H._Vincent_Poor,Lajos_Hanzo
H._Vincent_Poor,Wei_Li
H._Vincent_Poor,Wen_Gao_0001
H._Vincent_Poor,Victor_C._M._Leung
H._Vincent_Poor,Yu_Zhang
H._Vincent_Poor,Mohamed-Slim_Alouini
H._Vincent_Poor,Philip_S._Yu
H._Vincent_Poor,Wei_Zhang
H._Vincent_Poor,Wei_Wang
H._Vincent_Poor,Lajos_Hanzo
H._Vincent_Poor,Wei_Li
H._Vincent_Poor,Wen_Gao_0001
H._Vincent_Poor,Victor_C._M._Leung
H._Vincent_Poor,Yu_Zhang
H._Vincent_Poor,Mohamed-Slim_Alouini
H._Vincent_Poor,Philip_S._Yu
H._Vincent_Poor,Wei_Zhang
H._Vincent_Poor,Wei_Wang
H._Vincent_Poor,Lajos_Hanzo
H._Vincent_Poor,Wei_Li
H._Vincent_Poor,Wen_Gao_0001
H._Vincent_Poor,Victor_C._M._Leung
H._Vincent_Poor,Yu_Zhang
H._Vincent_Poor,Mohamed-Slim_Alouini
H._Vincent_Poor,Philip_S._Yu
H._Vincent_Poor,Wei_Zhang
H._Vincent_Poor,Wei_Wang
H._Vincent_Poor,Lajos_Hanzo
H._Vincent_Poor,Wei_Li
H._Vincent_Poor,Wen_Gao_0001
H._Vincent_Poor,Victor_C._M._Leung
H._Vincent_Poor,Yu_Zhang
H._Vincent_Poor,Mohamed-Slim_Alouini
H._Vincent_Poor,Philip_S._Yu
H._Vincent_Poor,Wei_Zhang
H._Vincent_Poor,Wei_Wang
H._Vincent_Poor,Lajos_Hanzo
H._Vincent_Poor,Wei_Li
H._Vincent_Poor,Wen_Gao_0001
H._Vincent_Poor,Victor_C._M._Leung
H._Vincent_Poor,Yu_Zhang
H._Vincent_Poor,Mohamed-Slim_Alouini
H._Vincent_Poor,Philip_S._Yu
H._Vincent_Poor,Wei_Zhang
H._Vincent_Poor,Wei_Wang
H._Vincent_Poor,Lajos_Hanzo
H._Vincent_Poor,Wei_Li
H._Vincent_Poor,Wen_Gao_0001
H._Vincent_Poor,Victor_C._M._Leung
H._Vincent_Poor,Yu_Zhang
H._Vincent_Poor,Mohamed-Slim_Alouini
H._Vincent_Poor,Philip_S._Yu
H._Vincent_Poor,Wei_Zhang
H._Vincent_Poor,Wei_Wang
H._Vincent_Poor,Lajos_Hanzo
H._Vincent_Poor,Wei_Li
H._Vincent_Poor,Wen_Gao_0001
H._Vincent_Poor,Victor_C._M._Leung
H._Vincent_Poor,Yu_Zhang
H._Vincent_Poor,Mohamed-Slim_Alouini
H._Vincent_Poor,Philip_S._Yu
H._Vincent_Poor,Wei_Zhang
H._Vincent_Poor,Wei_Wang
H._Vincent_Poor,Lajos_Hanzo
H._Vincent_Poor,Wei_Li
H._Vincent_Poor,Wen_Gao_0001
H._Vincent_Poor,Victor_C._M._Leung
H._Vincent_Poor,Yu_Zhang
H._Vincent_Poor,Mohamed-Slim_Alouini
H._Vincent_Poor,Philip_S._Yu
H._Vincent_Poor,Wei_Zhang
H._Vincent_Poor,Wei_Wang
H._Vincent_Poor,Lajos_Hanzo
H._Vincent_Poor,Wei_Li
H._Vincent_Poor,Wen_Gao_0001
H._Vincent_Poor,Victor_C._M._Leung
H._Vincent_Poor,Yu_Zhang
H._Vincent_Poor,Mohamed-Slim_Alouini
H._Vincent_Poor,Philip_S._Yu
H._Vincent_Poor,Wei_Zhang
H._Vincent_Poor,Wei_Wang
H._Vincent_Poor,Lajos_Hanzo
H._Vincent_Poor,Wei_Li
H._Vincent_Poor,Wen_Gao_0001
H._Vincent_Poor,Victor_C._M._Leung
H._Vincent_Poor,Yu_Zhang
H._Vincent_Poor,Mohamed-Slim_Alouini
H._Vincent_Poor,Philip_S._Yu
H._Vincent_Poor,Wei_Zhang
H._Vincent_Poor,Wei_Wang
H._Vincent_Poor,Lajos_Hanzo
H._Vincent_Poor,Wei_Li
H._Vincent_Poor,Wen_Gao_0001
H._Vincent_Poor,Victor_C._M._Leung
H._Vincent_Poor,Yu_Zhang
H._Vincent_Poor,Mohamed-Slim_Alouini
H._Vincent_Poor,Philip_S._Yu
H._Vincent_Poor,Wei_Zhang
H._Vincent_Poor,Wei_Wang
H._Vincent_Poor,Lajos_Hanzo
H._Vincent_Poor,Wei_Li
H._Vincent_Poor,Wen_Gao_0001
H._Vincent_Poor,Victor_C._M._Leung
H._Vincent_Poor,Yu_Zhang
H._Vincent_Poor,Mohamed-Slim_Alouini
H._Vincent_Poor,Philip_S._Yu
H._Vincent_Poor,Wei_Zhang
H._Vincent_Poor,Wei_Wang
H._Vincent_Poor,Lajos_Hanzo
H._Vincent_Poor,Wei_Li
H._Vincent_Poor,Wen_Gao_0001
H._Vincent_Poor,Victor_C._M._Leung
H._Vincent_Poor,Yu_Zhang
H._Vincent_Poor,Mohamed-Slim_Alouini
H._Vincent_Poor,Philip_S._Yu
H._Vincent_Poor,Wei_Zhang
H._Vincent_Poor,Wei_Wang
H._Vincent_Poor,Lajos_Hanzo
H._Vincent_Poor,Wei_Li
H._Vincent_Poor,Wen_Gao_0001
H._Vincent_Poor,Victor_C._M._Leung
H._Vincent_Poor,Yu_Zhang
H._Vincent_Poor,Mohamed-Slim_Alouini
H._Vincent_Poor,Philip_S._Yu
H._Vincent_Poor,Wei_Zhang
H._Vincent_Poor,Wei_Wang
H._Vincent_Poor,Lajos_Hanzo
H._Vincent_Poor,Wei_Li
H._Vincent_Poor,Wen_Gao_0001
H._Vincent_Poor,Victor_C._M._Leung
H._Vincent_Poor,Yu_Zhang
H._Vincent_Poor,Mohamed-Slim_Alouini
H._Vincent_Poor,Philip_S._Yu
H._Vincent_Poor,Wei_Zhang
H._Vincent_Poor,Wei_Wang
H._Vincent_Poor,Lajos_Hanzo
H._Vincent_Poor,Wei_Li
H._Vincent_Poor,Wen_Gao_0001
H._Vincent_Poor,Victor_C._M._Leung
H._Vincent_Poor,Yu_Zhang
H._Vincent_Poor,Mohamed-Slim_Alouini
H._Vincent_Poor,Philip_S._Yu
H._Vincent_Poor,Wei_Zhang
H._Vincent_Poor,Wei_Wang
H._Vincent_Poor,Lajos_Hanzo
H._Vincent_Poor,Wei_Li
H._Vincent_Poor,Wen_Gao_0001
H._Vincent_Poor,Victor_C._M._Leung
H._Vincent_Poor,Yu_Zhang
H._Vincent_Poor,Mohamed-Slim_Alouini
H._Vincent_Poor,Philip_S._Yu
H._Vincent_Poor,Wei_Zhang
H._Vincent_Poor,Wei_Wang
H._Vincent_Poor,Lajos_Hanzo
H._Vincent_Poor,Wei_Li
H._Vincent_Poor,Wen_Gao_0001
H._Vincent_Poor,Victor_C._M._Leung
H._Vincent_Poor,Yu_Zhang
H._Vincent_Poor,Mohamed-Slim_Alouini
H._Vincent_Poor,Philip_S._Yu
H._Vincent_Poor,Wei_Zhang
H._Vincent_Poor,Wei_Wang
H._Vincent_Poor,Lajos_Hanzo
H._Vincent_Poor,Wei_Li
H._Vincent_Poor,Wen_Gao_0001
H._Vincent_Poor,Victor_C._M._Leung
H._Vincent_Poor,Yu_Zhang
H._Vincent_Poor,Mohamed-Slim_Alouini
H._Vincent_Poor,Philip_S._Yu
H._Vincent_Poor,Wei_Zhang
H._Vincent_Poor,Wei_Wang
H._Vincent_Poor,Lajos_Hanzo
H._Vincent_Poor,Wei_Li
H._Vincent_Poor,Wen_Gao_0001
H._Vincent_Poor,Victor_C._M._Leung
H._Vincent_Poor,Yu_Zhang
H._Vincent_Poor,Mohamed-Slim_Alouini
H._Vincent_Poor,Philip_S._Yu
H._Vincent_Poor,Wei_Zhang
H._Vincent_Poor,Wei_Wang
H._Vincent_Poor,Lajos_Hanzo
H._Vincent_Poor,Wei_Li
H._Vincent_Poor,Wen_Gao_0001
H._Vincent_Poor,Victor_C._M._Leung
H._Vincent_Poor,Yu_Zhang
H._Vincent_Poor,Mohamed-Slim_Alouini
H._Vincent_Poor,Philip_S._Yu
H._Vincent_Poor,Wei_Zhang
H._Vincent_Poor,Wei_Wang
H._Vincent_Poor,Lajos_Hanzo
H._Vincent_Poor,Wei_Li
H._Vincent_Poor,Wen_Gao_0001
H._Vincent_Poor,Victor_C._M._Leung
H._Vincent_Poor,Yu_Zhang
H._Vincent_Poor,Mohamed-Slim_Alouini
H._Vincent_Poor,Philip_S._Yu
H._Vincent_Poor,Wei_Zhang
H._Vincent_Poor,Wei_Wang
H._Vincent_Poor,Lajos_Hanzo
H._Vincent_Poor,Wei_Li
H._Vincent_Poor,Wen_Gao_0001
H._Vincent_Poor,Victor_C._M._Leung
H._Vincent_Poor,Yu_Zhang
H._Vincent_Poor,Mohamed-Slim_Alouini
H._Vincent_Poor,Philip_S._Yu
H._Vincent_Poor,Wei_Zhang
H._Vincent_Poor,Wei_Wang
H._Vincent_Poor,Lajos_Hanzo
H._Vincent_Poor,Wei_Li
H._Vincent_Poor,Wen_Gao_0001
H._Vincent_Poor,Victor_C._M._Leung
H._Vincent_Poor,Yu_Zhang
H._Vincent_Poor,Mohamed-Slim_Alouini
H._Vincent_Poor,Philip_S._Yu
H._Vincent_Poor,Wei_Zhang
H._Vincent_Poor,Wei_Wang
H._Vincent_Poor,Lajos_Hanzo
H._Vincent_Poor,Wei_Li
H._Vincent_Poor,Wen_Gao_0001
H._Vincent_Poor,Victor_C._M._Leung
H._Vincent_Poor,Yu_Zhang
H._Vincent_Poor,Mohamed-Slim_Alouini
H._Vincent_Poor,Philip_S._Yu
H._Vincent_Poor,Wei_Zhang
H._Vincent_Poor,Wei_Wang
H._Vincent_Poor,Lajos_Hanzo
H._Vincent_Poor,Wei_Li
H._Vincent_Poor,Wen_Gao_0001
H._Vincent_Poor,Victor_C._M._Leung
H._Vincent_Poor,Yu_Zhang
H._Vincent_Poor,Mohamed-Slim_Alouini
H._Vincent_Poor,Philip_S._Yu
H._Vincent_Poor,Wei_Zhang
H._Vincent_Poor,Wei_Wang
H._Vincent_Poor,Lajos_Hanzo
H._Vincent_Poor,Wei_Li
H._Vincent_Poor,Wen_Gao_0001
H._Vincent_Poor,Victor_C._M._Leung
H._Vincent_Poor,Yu_Zhang
H._Vincent_Poor,Mohamed-Slim_Alouini
H._Vincent_Poor,Philip_S._Yu
H._Vincent_Poor,Wei_Zhang
H._Vincent_Poor,Wei_Wang
H._Vincent_Poor,Lajos_Hanzo
H._Vincent_Poor,Wei_Li
H._Vincent_Poor,Wen_Gao_0001
H._Vincent_Poor,Victor_C._M._Leung
H._Vincent_Poor,Yu_Zhang
H._Vincent_Poor,Mohamed-Slim_Alouini
H._Vincent_Poor,Philip_S._Yu
H._Vincent_Poor,Wei_Zhang
H._Vincent_Poor,Wei_Wang
H._Vincent_Poor,Lajos_Hanzo
H._Vincent_Poor,Wei_Li
H._Vincent_Poor,Wen_Gao_0001
H._Vincent_Poor,Victor_C._M._Leung
H._Vincent_Poor,Yu_Zhang
H._Vincent_Poor,Mohamed-Slim_Alouini
H._Vincent_Poor,Philip_S._Yu
H._Vincent_Poor,Wei_Zhang
H._Vincent_Poor,Wei_Wang
H._Vincent_Poor,Lajos_Hanzo
H._Vincent_Poor,Wei_Li
H._Vincent_Poor,Wen_Gao_0001
H._Vincent_Poor,Victor_C._M._Leung
H._Vincent_Poor,Yu_Zhang
H._Vincent_Poor,Mohamed-Slim_Alouini
H._Vincent_Poor,Philip_S._Yu
H._Vincent_Poor,Wei_Zhang
H._Vincent_Poor,Wei_Wang
H._Vincent_Poor,Lajos_Hanzo
H._Vincent_Poor,Wei_Li
H._Vincent_Poor,Wen_Gao_0001
H._Vincent_Poor,Victor_C._M._Leung
H._Vincent_Poor,Yu_Zhang
H._Vincent_Poor,Mohamed-Slim_Alouini
H._Vincent_Poor,Philip_S._Yu
H._Vincent_Poor,Wei_Zhang
H._Vincent_Poor,Wei_Wang
H._Vincent_Poor,Lajos_Hanzo
H._Vincent_Poor,Wei_Li
H._Vincent_Poor,Wen_Gao_0001
H._Vincent_Poor,Victor_C._M._Leung
H._Vincent_Poor,Yu_Zhang
H._Vincent_Poor,Mohamed-Slim_Alouini
H._Vincent_Poor,Philip_S._Yu
H._Vincent_Poor,Wei_Zhang
H._Vincent_Poor,Wei_Wang
H._Vincent_Poor,Lajos_Hanzo
H._Vincent_Poor,Wei_Li
H._Vincent_Poor,Wen_Gao_0001
H._Vincent_Poor,Victor_C._M._Leung
H._Vincent_Poor,Yu_Zhang
H._Vincent_Poor,Mohamed-Slim_Alouini
H._Vincent_Poor,Philip_S._Yu
H._Vincent_Poor,Wei_Zhang
H._Vincent_Poor,Wei_Wang
H._Vincent_Poor,Lajos_Hanzo
H._Vincent_Poor,Wei_Li
H._Vincent_Poor,Wen_Gao_0001
H._Vincent_Poor,Victor_C._M._Leung
H._Vincent_Poor,Yu_Zhang
H._Vincent_Poor,Mohamed-Slim_Alouini
H._Vincent_Poor,Philip_S._Yu
H._Vincent_Poor,Wei_Zhang
H._Vincent_Poor,Wei_Wang
H._Vincent_Poor,Lajos_Hanzo
H._Vincent_Poor,Wei_Li
H._Vincent_Poor,Wen_Gao_0001
H._Vincent_Poor,Victor_C._M._Leung
H._Vincent_Poor,Yu_Zhang
H._Vincent_Poor,Mohamed-Slim_Alouini
H._Vincent_Poor,Philip_S._Yu
H._Vincent_Poor,Wei_Zhang
H._Vincent_Poor,Wei_Wang
H._Vincent_Poor,Lajos_Hanzo
H._Vincent_Poor,Wei_Li
H._Vincent_Poor,Wen_Gao_0001
H._Vincent_Poor,Victor_C._M._Leung
H._Vincent_Poor,Yu_Zhang
H._Vincent_Poor,Mohamed-Slim_Alouini
H._Vincent_Poor,Philip_S._Yu
H._Vincent_Poor,Wei_Zhang
H._Vincent_Poor,Wei_Wang
H._Vincent_Poor,Lajos_Hanzo
H._Vincent_Poor,Wei_Li
H._Vincent_Poor,Wen_Gao_0001
H._Vincent_Poor,Victor_C._M._Leung
H._Vincent_Poor,Yu_Zhang
H._Vincent_Poor,Mohamed-Slim_Alouini
H._Vincent_Poor,Philip_S._Yu
H._Vincent_Poor,Wei_Zhang
H._Vincent_Poor,Wei_Wang
H._Vincent_Poor,Lajos_Hanzo
H._Vincent_Poor,Wei_Li
H._Vincent_Poor,Wen_Gao_0001
H._Vincent_Poor,Victor_C._M._Leung
H._Vincent_Poor,Yu_Zhang
H._Vincent_Poor,Mohamed-Slim_Alouini
H._Vincent_Poor,Philip_S._Yu
H._Vincent_Poor,Wei_Zhang
H._Vincent_Poor,Wei_Wang
H._Vincent_Poor,Lajos_Hanzo
H._Vincent_Poor,Wei_Li
H._Vincent_Poor,Wen_Gao_0001
H._Vincent_Poor,Victor_C._M._Leung
H._Vincent_Poor,Yu_Zhang
H._Vincent_Poor,Mohamed-Slim_Alouini
H._Vincent_Poor,Philip_S._Yu
H._Vincent_Poor,Wei_Zhang
H._Vincent_Poor,Wei_Wang
H._Vincent_Poor,Lajos_Hanzo
H._Vincent_Poor,Wei_Li
H._Vincent_Poor,Wen_Gao_0001
H._Vincent_Poor,Victor_C._M._Leung
H._Vincent_Poor,Yu_Zhang
H._Vincent_Poor,Mohamed-Slim_Alouini
H._Vincent_Poor,Philip_S._Yu
H._Vincent_Poor,Wei_Zhang
H._Vincent_Poor,Wei_Wang
H._Vincent_Poor,Lajos_Hanzo
H._Vincent_Poor,Wei_Li
H._Vincent_Poor,Wen_Gao_0001
H._Vincent_Poor,Victor_C._M._Leung
H._Vincent_Poor,Yu_Zhang
H._Vincent_Poor,Mohamed-Slim_Alouini
H._Vincent_Poor,Philip_S._Yu
H._Vincent_Poor,Wei_Zhang
H._Vincent_Poor,Wei_Wang
H._Vincent_Poor,Lajos_Hanzo
H._Vincent_Poor,Wei_Li
H._Vincent_Poor,Wen_Gao_0001
H._Vincent_Poor,Victor_C._M._Leung
H._Vincent_Poor,Yu_Zhang
H._Vincent_Poor,Mohamed-Slim_Alouini
H._Vincent_Poor,Philip_S._Yu
H._Vincent_Poor,Wei_Zhang
H._Vincent_Poor,Wei_Wang
H._Vincent_Poor,Lajos_Hanzo
H._Vincent_Poor,Wei_Li
H._Vincent_Poor,Wen_Gao_0001
H._Vincent_Poor,Victor_C._M._Leung
H._Vincent_Poor,Yu_Zhang
H._Vincent_Poor,Mohamed-Slim_Alouini
H._Vincent_Poor,Philip_S._Yu
H._Vincent_Poor,Wei_Zhang
H._Vincent_Poor,Wei_Wang
H._Vincent_Poor,Lajos_Hanzo
H._Vincent_Poor,Wei_Li
H._Vincent_Poor,Wen_Gao_0001
H._Vincent_Poor,Victor_C._M._Leung
H._Vincent_Poor,Yu_Zhang
H._Vincent_Poor,Mohamed-Slim_Alouini
H._Vincent_Poor,Philip_S._Yu
H._Vincent_Poor,Wei_Zhang
H._Vincent_Poor,Wei_Wang
H._Vincent_Poor,Lajos_Hanzo
H._Vincent_Poor,Wei_Li
H._Vincent_Poor,Wen_Gao_0001
H._Vincent_Poor,Victor_C._M._Leung
H._Vincent_Poor,Yu_Zhang
H._Vincent_Poor,Mohamed-Slim_Alouini
H._Vincent_Poor,Philip_S._Yu
H._Vincent_Poor,Wei_Zhang
H._Vincent_Poor,Wei_Wang
H._Vincent_Poor,Lajos_Hanzo
H._Vincent_Poor,Wei_Li
H._Vincent_Poor,Wen_Gao_0001
H._Vincent_Poor,Victor_C._M._Leung
H._Vincent_Poor,Yu_Zhang
H._Vincent_Poor,Mohamed-Slim_Alouini
H._Vincent_Poor,Philip_S._Yu
H._Vincent_Poor,Wei_Zhang
H._Vincent_Poor,Wei_Wang
H._Vincent_Poor,Lajos_Hanzo
H._Vincent_Poor,Wei_Li
H._Vincent_Poor,Wen_Gao_0001
H._Vincent_Poor,Victor_C._M._Leung
H._Vincent_Poor,Yu_Zhang
H._Vincent_Poor,Mohamed-Slim_Alouini
H._Vincent_Poor,Philip_S._Yu
H._Vincent_Poor,Wei_Zhang
H._Vincent_Poor,Wei_Wang
H._Vincent_Poor,Lajos_Hanzo
H._Vincent_Poor,Wei_Li
H._Vincent_Poor,Wen_Gao_0001
H._Vincent_Poor,Victor_C._M._Leung
H._Vincent_Poor,Yu_Zhang
H._Vincent_Poor,Mohamed-Slim_Alouini
H._Vincent_Poor,Philip_S._Yu
H._Vincent_Poor,Wei_Zhang
H._Vincent_Poor,Wei_Wang
H._Vincent_Poor,Lajos_Hanzo
H._Vincent_Poor,Wei_Li
H._Vincent_Poor,Wen_Gao_0001
H._Vincent_Poor,Victor_C._M._Leung
H._Vincent_Poor,Yu_Zhang
H._Vincent_Poor,Mohamed-Slim_Alouini
H._Vincent_Poor,Philip_S._Yu
H._Vincent_Poor,Wei_Zhang
H._Vincent_Poor,Wei_Wang
H._Vincent_Poor,Lajos_Hanzo
H._Vincent_Poor,Wei_Li
H._Vincent_Poor,Wen_Gao_0001
H._Vincent_Poor,Victor_C._M._Leung
H._Vincent_Poor,Yu_Zhang
H._Vincent_Poor,Mohamed-Slim_Alouini
H._Vincent_Poor,Philip_S._Yu
H._Vincent_Poor,Wei_Zhang
H._Vincent_Poor,Wei_Wang
H._Vincent_Poor,Lajos_Hanzo
H._Vincent_Poor,Wei_Li
H._Vincent_Poor,Wen_Gao_0001
H._Vincent_Poor,Victor_C._M._Leung
H._Vincent_Poor,Yu_Zhang
H._Vincent_Poor,Mohamed-Slim_Alouini
H._Vincent_Poor,Philip_S._Yu
H._Vincent_Poor,Wei_Zhang
H._Vincent_Poor,Wei_Wang
H._Vincent_Poor,Lajos_Hanzo
H._Vincent_Poor,Wei_Li
H._Vincent_Poor,Wen_Gao_0001
H._Vincent_Poor,Victor_C._M._Leung
H._Vincent_Poor,Yu_Zhang
H._Vincent_Poor,Mohamed-Slim_Alouini
H._Vincent_Poor,Philip_S._Yu
H._Vincent_Poor,Wei_Zhang
H._Vincent_Poor,Wei_Wang
H._Vincent_Poor,Lajos_Hanzo
H._Vincent_Poor,Wei_Li
H._Vincent_Poor,Wen_Gao_0001
H._Vincent_Poor,Victor_C._M._Leung
H._Vincent_Poor,Yu_Zhang
H._Vincent_Poor,Mohamed-Slim_Alouini
H._Vincent_Poor,Philip_S._Yu
H._Vincent_Poor,Wei_Zhang
H._Vincent_Poor,Wei_Wang
H._Vincent_Poor,Lajos_Hanzo
H._Vincent_Poor,Wei_Li
H._Vincent_Poor,Wen_Gao_0001
H._Vincent_Poor,Victor_C._M._Leung
H._Vincent_Poor,Yu_Zhang
H._Vincent_Poor,Mohamed-Slim_Alouini
H._Vincent_Poor,Philip_S._Yu
H._Vincent_Poor,Wei_Zhang
H._Vincent_Poor,Wei_Wang
H._Vincent_Poor,Lajos_Hanzo
H._Vincent_Poor,Wei_Li
H._Vincent_Poor,Wen_Gao_0001
H._Vincent_Poor,Victor_C._M._Leung
H._Vincent_Poor,Yu_Zhang
H._Vincent_Poor,Mohamed-Slim_Alouini
H._Vincent_Poor,Philip_S._Yu
H._Vincent_Poor,Wei_Zhang
H._Vincent_Poor,Wei_Wang
H._Vincent_Poor,Lajos_Hanzo
H._Vincent_Poor,Wei_Li
H._Vincent_Poor,Wen_Gao_0001
H._Vincent_Poor,Victor_C._M._Leung
H._Vincent_Poor,Yu_Zhang
H._Vincent_Poor,Mohamed-Slim_Alouini
H._Vincent_Poor,Philip_S._Yu
H._Vincent_Poor,Wei_Zhang
H._Vincent_Poor,Wei_Wang
H._Vincent_Poor,Lajos_Hanzo
H._Vincent_Poor,Wei_Li
H._Vincent_Poor,Wen_Gao_0001
H._Vincent_Poor,Victor_C._M._Leung
H._Vincent_Poor,Yu_Zhang
H._Vincent_Poor,Mohamed-Slim_Alouini
H._Vincent_Poor,Philip_S._Yu
H._Vincent_Poor,Wei_Zhang
H._Vincent_Poor,Wei_Wang
H._Vincent_Poor,Lajos_Hanzo
H._Vincent_Poor,Wei_Li
H._Vincent_Poor,Wen_Gao_0001
H._Vincent_Poor,Victor_C._M._Leung
H._Vincent_Poor,Yu_Zhang
H._Vincent_Poor,Mohamed-Slim_Alouini
H._Vincent_Poor,Philip_S._Yu
H._Vincent_Poor,Wei_Zhang
H._Vincent_Poor,Wei_Wang
H._Vincent_Poor,Lajos_Hanzo
H._Vincent_Poor,Wei_Li
H._Vincent_Poor,Wen_Gao_0001
H._Vincent_Poor,Victor_C._M._Leung
H._Vincent_Poor,Yu_Zhang
H._Vincent_Poor,Mohamed-Slim_Alouini
H._Vincent_Poor,Philip_S._Yu
H._Vincent_Poor,Wei_Zhang
H._Vincent_Poor,Wei_Wang
H._Vincent_Poor,Lajos_Hanzo
H._Vincent_Poor,Wei_Li
H._Vincent_Poor,Wen_Gao_0001
H._Vincent_Poor,Victor_C._M._Leung
H._Vincent_Poor,Yu_Zhang
H._Vincent_Poor,Mohamed-Slim_Alouini
H._Vincent_Poor,Philip_S._Yu
H._Vincent_Poor,Wei_Zhang
H._Vincent_Poor,Wei_Wang
H._Vincent_Poor,Lajos_Hanzo
H._Vincent_Poor,Wei_Li
H._Vincent_Poor,Wen_Gao_0001
H._Vincent_Poor,Victor_C._M._Leung
H._Vincent_Poor,Yu_Zhang
H._Vincent_Poor,Mohamed-Slim_Alouini
H._Vincent_Poor,Philip_S._Yu
H._Vincent_Poor,Wei_Zhang
H._Vincent_Poor,Wei_Wang
H._Vincent_Poor,Lajos_Hanzo
H._Vincent_Poor,Wei_Li
H._Vincent_Poor,Wen_Gao_0001
H._Vincent_Poor,Victor_C._M._Leung
H._Vincent_Poor,Yu_Zhang
H._Vincent_Poor,Mohamed-Slim_Alouini
H._Vincent_Poor,Philip_S._Yu
H._Vincent_Poor,Wei_Zhang
H._Vincent_Poor,Wei_Wang
H._Vincent_Poor,Lajos_Hanzo
H._Vincent_Poor,Wei_Li
H._Vincent_Poor,Wen_Gao_0001
H._Vincent_Poor,Victor_C._M._Leung
H._Vincent_Poor,Yu_Zhang
H._Vincent_Poor,Mohamed-Slim_Alouini
H._Vincent_Poor,Philip_S._Yu
H._Vincent_Poor,Wei_Zhang
H._Vincent_Poor,Wei_Wang
H._Vincent_Poor,Lajos_Hanzo
H._Vincent_Poor,Wei_Li
H._Vincent_Poor,Wen_Gao_0001
H._Vincent_Poor,Victor_C._M._Leung
H._Vincent_Poor,Yu_Zhang
H._Vincent_Poor,Mohamed-Slim_Alouini
H._Vincent_Poor,Philip_S._Yu
H._Vincent_Poor,Wei_Zhang
H._Vincent_Poor,Wei_Wang
H._Vincent_Poor,Lajos_Hanzo
H._Vincent_Poor,Wei_Li
H._Vincent_Poor,Wen_Gao_0001
H._Vincent_Poor,Victor_C._M._Leung
H._Vincent_Poor,Yu_Zhang
H._Vincent_Poor,Mohamed-Slim_Alouini
H._Vincent_Poor,Philip_S._Yu
H._Vincent_Poor,Wei_Zhang
H._Vincent_Poor,Wei_Wang
H._Vincent_Poor,Lajos_Hanzo
H._Vincent_Poor,Wei_Li
H._Vincent_Poor,Wen_Gao_0001
H._Vincent_Poor,Victor_C._M._Leung
H._Vincent_Poor,Yu_Zhang
H._Vincent_Poor,Mohamed-Slim_Alouini
H._Vincent_Poor,Philip_S._Yu
H._Vincent_Poor,Wei_Zhang
H._Vincent_Poor,Wei_Wang
H._Vincent_Poor,Lajos_Hanzo
H._Vincent_Poor,Wei_Li
H._Vincent_Poor,Wen_Gao_0001
H._Vincent_Poor,Victor_C._M._Leung
H._Vincent_Poor,Yu_Zhang
H._Vincent_Poor,Mohamed-Slim_Alouini
H._Vincent_Poor,Philip_S._Yu
H._Vincent_Poor,Wei_Zhang
H._Vincent_Poor,Wei_Wang
H._Vincent_Poor,Lajos_Hanzo
H._Vincent_Poor,Wei_Li
H._Vincent_Poor,Wen_Gao_0001
H._Vincent_Poor,Victor_C._M._Leung
H._Vincent_Poor,Yu_Zhang
H._Vincent_Poor,Mohamed-Slim_Alouini
H._Vincent_Poor,Philip_S._Yu
H._Vincent_Poor,Wei_Zhang
H._Vincent_Poor,Wei_Wang
H._Vincent_Poor,Lajos_Hanzo
H._Vincent_Poor,Wei_Li
H._Vincent_Poor,Wen_Gao_0001
H._Vincent_Poor,Victor_C._M._Leung
H._Vincent_Poor,Yu_Zhang
H._Vincent_Poor,Mohamed-Slim_Alouini
H._Vincent_Poor,Philip_S._Yu
H._Vincent_Poor,Wei_Zhang
H._Vincent_Poor,Wei_Wang
H._Vincent_Poor,Lajos_Hanzo
H._Vincent_Poor,Wei_Li
H._Vincent_Poor,Wen_Gao_0001
H._Vincent_Poor,Victor_C._M._Leung
H._Vincent_Poor,Yu_Zhang
H._Vincent_Poor,Mohamed-Slim_Alouini
H._Vincent_Poor,Philip_S._Yu
H._Vincent_Poor,Wei_Zhang
H._Vincent_Poor,Wei_Wang
H._Vincent_Poor,Lajos_Hanzo
H._Vincent_Poor,Wei_Li
H._Vincent_Poor,Wen_Gao_0001
H._Vincent_Poor,Victor_C._M._Leung
H._Vincent_Poor,Yu_Zhang
H._Vincent_Poor,Mohamed-Slim_Alouini
H._Vincent_Poor,Philip_S._Yu
H._Vincent_Poor,Wei_Zhang
H._Vincent_Poor,Wei_Wang
H._Vincent_Poor,Lajos_Hanzo
H._Vincent_Poor,Wei_Li
H._Vincent_Poor,Wen_Gao_0001
H._Vincent_Poor,Victor_C._M._Leung
H._Vincent_Poor,Yu_Zhang
H._Vincent_Poor,Mohamed-Slim_Alouini
H._Vincent_Poor,Philip_S._Yu
H._Vincent_Poor,Wei_Zhang
H._Vincent_Poor,Wei_Wang
H._Vincent_Poor,Lajos_Hanzo
H._Vincent_Poor,Wei_Li
H._Vincent_Poor,Wen_Gao_0001
H._Vincent_Poor,Victor_C._M._Leung
H._Vincent_Poor,Yu_Zhang
H._Vincent_Poor,Mohamed-Slim_Alouini
H._Vincent_Poor,Philip_S._Yu
H._Vincent_Poor,Wei_Zhang
H._Vincent_Poor,Wei_Wang
H._Vincent_Poor,Lajos_Hanzo
H._Vincent_Poor,Wei_Li
H._Vincent_Poor,Wen_Gao_0001
H._Vincent_Poor,Victor_C._M._Leung
H._Vincent_Poor,Yu_Zhang
H._Vincent_Poor,Mohamed-Slim_Alouini
H._Vincent_Poor,Philip_S._Yu
H._Vincent_Poor,Wei_Zhang
H._Vincent_Poor,Wei_Wang
H._Vincent_Poor,Lajos_Hanzo
H._Vincent_Poor,Wei_Li
H._Vincent_Poor,Wen_Gao_0001
H._Vincent_Poor,Victor_C._M._Leung
H._Vincent_Poor,Yu_Zhang
H._Vincent_Poor,Mohamed-Slim_Alouini
H._Vincent_Poor,Philip_S._Yu
H._Vincent_Poor,Wei_Zhang
H._Vincent_Poor,Wei_Wang
H._Vincent_Poor,Lajos_Hanzo
H._Vincent_Poor,Wei_Li
H._Vincent_Poor,Wen_Gao_0001
H._Vincent_Poor,Victor_C._M._Leung
H._Vincent_Poor,Yu_Zhang
H._Vincent_Poor,Mohamed-Slim_Alouini
H._Vincent_Poor,Philip_S._Yu
H._Vincent_Poor,Wei_Zhang
H._Vincent_Poor,Wei_Wang
H._Vincent_Poor,Lajos_Hanzo
H._Vincent_Poor,Wei_Li
H._Vincent_Poor,Wen_Gao_0001
H._Vincent_Poor,Victor_C._M._Leung
H._Vincent_Poor,Yu_Zhang
H._Vincent_Poor,Mohamed-Slim_Alouini
H._Vincent_Poor,Philip_S._Yu
H._Vincent_Poor,Wei_Zhang
H._Vincent_Poor,Wei_Wang
H._Vincent_Poor,Lajos_Hanzo
H._Vincent_Poor,Wei_Li
H._Vincent_Poor,Wen_Gao_0001
H._Vincent_Poor,Victor_C._M._Leung
H._Vincent_Poor,Yu_Zhang
H._Vincent_Poor,Mohamed-Slim_Alouini
H._Vincent_Poor,Philip_S._Yu
H._Vincent_Poor,Wei_Zhang
H._Vincent_Poor,Wei_Wang
H._Vincent_Poor,Lajos_Hanzo
H._Vincent_Poor,Wei_Li
H._Vincent_Poor,Wen_Gao_0001
H._Vincent_Poor,Victor_C._M._Leung
H._Vincent_Poor,Yu_Zhang
H._Vincent_Poor,Mohamed-Slim_Alouini
H._Vincent_Poor,Philip_S._Yu
H._Vincent_Poor,Wei_Zhang
H._Vincent_Poor,Wei_Wang
H._Vincent_Poor,Lajos_Hanzo
H._Vincent_Poor,Wei_Li
H._Vincent_Poor,Wen_Gao_0001
H._Vincent_Poor,Victor_C._M._Leung
H._Vincent_Poor,Yu_Zhang
H._Vincent_Poor,Mohamed-Slim_Alouini
H._Vincent_Poor,Philip_S._Yu
H._Vincent_Poor,Wei_Zhang
H._Vincent_Poor,Wei_Wang
H._Vincent_Poor,Lajos_Hanzo
H._Vincent_Poor,Wei_Li
H._Vincent_Poor,Wen_Gao_0001
H._Vincent_Poor,Victor_C._M._Leung
H._Vincent_Poor,Yu_Zhang
H._Vincent_Poor,Mohamed-Slim_Alouini
H._Vincent_Poor,Philip_S._Yu
H._Vincent_Poor,Wei_Zhang
H._Vincent_Poor,Wei_Wang
H._Vincent_Poor,Lajos_Hanzo
H._Vincent_Poor,Wei_Li
H._Vincent_Poor,Wen_Gao_0001
H._Vincent_Poor,Victor_C._M._Leung
H._Vincent_Poor,Yu_Zhang
H._Vincent_Poor,Mohamed-Slim_Alouini
H._Vincent_Poor,Philip_S._Yu
H._Vincent_Poor,Wei_Zhang
H._Vincent_Poor,Wei_Wang
H._Vincent_Poor,Lajos_Hanzo
H._Vincent_Poor,Wei_Li
H._Vincent_Poor,Wen_Gao_0001
H._Vincent_Poor,Victor_C._M._Leung
H._Vincent_Poor,Yu_Zhang
H._Vincent_Poor,Mohamed-Slim_Alouini
H._Vincent_Poor,Philip_S._Yu
H._Vincent_Poor,Wei_Zhang
H._Vincent_Poor,Wei_Wang
H._Vincent_Poor,Lajos_Hanzo
H._Vincent_Poor,Wei_Li
H._Vincent_Poor,Wen_Gao_0001
H._Vincent_Poor,Victor_C._M._Leung
H._Vincent_Poor,Yu_Zhang
H._Vincent_Poor,Mohamed-Slim_Alouini
H._Vincent_Poor,Philip_S._Yu
H._Vincent_Poor,Wei_Zhang
H._Vincent_Poor,Wei_Wang
H._Vincent_Poor,Lajos_Hanzo
H._Vincent_Poor,Wei_Li
H._Vincent_Poor,Wen_Gao_0001
H._Vincent_Poor,Victor_C._M._Leung
H._Vincent_Poor,Yu_Zhang
H._Vincent_Poor,Mohamed-Slim_Alouini
H._Vincent_Poor,Philip_S._Yu
H._Vincent_Poor,Wei_Zhang
H._Vincent_Poor,Wei_Wang
H._Vincent_Poor,Lajos_Hanzo
H._Vincent_Poor,Wei_Li
H._Vincent_Poor,Wen_Gao_0001
H._Vincent_Poor,Victor_C._M._Leung
H._Vincent_Poor,Yu_Zhang
H._Vincent_Poor,Mohamed-Slim_Alouini
H._Vincent_Poor,Philip_S._Yu
H._Vincent_Poor,Wei_Zhang
H._Vincent_Poor,Wei_Wang
H._Vincent_Poor,Lajos_Hanzo
H._Vincent_Poor,Wei_Li
H._Vincent_Poor,Wen_Gao_0001
H._Vincent_Poor,Victor_C._M._Leung
H._Vincent_Poor,Yu_Zhang
H._Vincent_Poor,Mohamed-Slim_Alouini
H._Vincent_Poor,Philip_S._Yu
H._Vincent_Poor,Wei_Zhang
H._Vincent_Poor,Wei_Wang
H._Vincent_Poor,Lajos_Hanzo
H._Vincent_Poor,Wei_Li
H._Vincent_Poor,Wen_Gao_0001
H._Vincent_Poor,Victor_C._M._Leung
H._Vincent_Poor,Yu_Zhang
H._Vincent_Poor,Mohamed-Slim_Alouini
H._Vincent_Poor,Philip_S._Yu
H._Vincent_Poor,Wei_Zhang
H._Vincent_Poor,Wei_Wang
H._Vincent_Poor,Lajos_Hanzo
H._Vincent_Poor,Wei_Li
H._Vincent_Poor,Wen_Gao_0001
H._Vincent_Poor,Victor_C._M._Leung
H._Vincent_Poor,Yu_Zhang
H._Vincent_Poor,Mohamed-Slim_Alouini
H._Vincent_Poor,Philip_S._Yu
H._Vincent_Poor,Wei_Zhang
H._Vincent_Poor,Wei_Wang
H._Vincent_Poor,Lajos_Hanzo
H._Vincent_Poor,Wei_Li
H._Vincent_Poor,Wen_Gao_0001
H._Vincent_Poor,Victor_C._M._Leung
H._Vincent_Poor,Yu_Zhang
H._Vincent_Poor,Mohamed-Slim_Alouini
H._Vincent_Poor,Philip_S._Yu
H._Vincent_Poor,Wei_Zhang
H._Vincent_Poor,Wei_Wang
H._Vincent_Poor,Lajos_Hanzo
H._Vincent_Poor,Wei_Li
H._Vincent_Poor,Wen_Gao_0001
H._Vincent_Poor,Victor_C._M._Leung
H._Vincent_Poor,Yu_Zhang
H._Vincent_Poor,Mohamed-Slim_Alouini
H._Vincent_Poor,Philip_S._Yu
H._Vincent_Poor,Wei_Zhang
H._Vincent_Poor,Wei_Wang
H._Vincent_Poor,Lajos_Hanzo
H._Vincent_Poor,Wei_Li
H._Vincent_Poor,Wen_Gao_0001
H._Vincent_Poor,Victor_C._M._Leung
H._Vincent_Poor,Yu_Zhang
H._Vincent_Poor,Mohamed-Slim_Alouini
H._Vincent_Poor,Philip_S._Yu
H._Vincent_Poor,Wei_Zhang
H._Vincent_Poor,Wei_Wang
H._Vincent_Poor,Lajos_Hanzo
H._Vincent_Poor,Wei_Li
H._Vincent_Poor,Wen_Gao_0001
H._Vincent_Poor,Victor_C._M._Leung
H._Vincent_Poor,Yu_Zhang
H._Vincent_Poor,Mohamed-Slim_Alouini
H._Vincent_Poor,Philip_S._Yu
H._Vincent_Poor,Wei_Zhang
H._Vincent_Poor,Wei_Wang
H._Vincent_Poor,Lajos_Hanzo
H._Vincent_Poor,Wei_Li
H._Vincent_Poor,Wen_Gao_0001
H._Vincent_Poor,Victor_C._M._Leung
H._Vincent_Poor,Yu_Zhang
H._Vincent_Poor,Mohamed-Slim_Alouini
H._Vincent_Poor,Philip_S._Yu
H._Vincent_Poor,Wei_Zhang
H._Vincent_Poor,Wei_Wang
H._Vincent_Poor,Lajos_Hanzo
H._Vincent_Poor,Wei_Li
H._Vincent_Poor,Wen_Gao_0001
H._Vincent_Poor,Victor_C._M._Leung
H._Vincent_Poor,Yu_Zhang
H._Vincent_Poor,Mohamed-Slim_Alouini
H._Vincent_Poor,Philip_S._Yu
H._Vincent_Poor,Wei_Zhang
H._Vincent_Poor,Wei_Wang
H._Vincent_Poor,Lajos_Hanzo
H._Vincent_Poor,Wei_Li
H._Vincent_Poor,Wen_Gao_0001
H._Vincent_Poor,Victor_C._M._Leung
H._Vincent_Poor,Yu_Zhang
H._Vincent_Poor,Mohamed-Slim_Alouini
H._Vincent_Poor,Philip_S._Yu
H._Vincent_Poor,Wei_Zhang
H._Vincent_Poor,Wei_Wang
H._Vincent_Poor,Lajos_Hanzo
H._Vincent_Poor,Wei_Li
H._Vincent_Poor,Wen_Gao_0001
H._Vincent_Poor,Victor_C._M._Leung
H._Vincent_Poor,Yu_Zhang
H._Vincent_Poor,Mohamed-Slim_Alouini
H._Vincent_Poor,Philip_S._Yu
H._Vincent_Poor,Wei_Zhang
H._Vincent_Poor,Wei_Wang
H._Vincent_Poor,Lajos_Hanzo
H._Vincent_Poor,Wei_Li
H._Vincent_Poor,Wen_Gao_0001
H._Vincent_Poor,Victor_C._M._Leung
H._Vincent_Poor,Yu_Zhang
H._Vincent_Poor,Mohamed-Slim_Alouini
H._Vincent_Poor,Philip_S._Yu
H._Vincent_Poor,Wei_Zhang
H._Vincent_Poor,Wei_Wang
H._Vincent_Poor,Lajos_Hanzo
H._Vincent_Poor,Wei_Li
H._Vincent_Poor,Wen_Gao_0001
H._Vincent_Poor,Victor_C._M._Leung
H._Vincent_Poor,Yu_Zhang
H._Vincent_Poor,Mohamed-Slim_Alouini
H._Vincent_Poor,Philip_S._Yu
H._Vincent_Poor,Wei_Zhang
H._Vincent_Poor,Wei_Wang
H._Vincent_Poor,Lajos_Hanzo
H._Vincent_Poor,Wei_Li
H._Vincent_Poor,Wen_Gao_0001
H._Vincent_Poor,Victor_C._M._Leung
H._Vincent_Poor,Yu_Zhang
H._Vincent_Poor,Mohamed-Slim_Alouini
H._Vincent_Poor,Philip_S._Yu
H._Vincent_Poor,Wei_Zhang
H._Vincent_Poor,Wei_Wang
H._Vincent_Poor,Lajos_Hanzo
H._Vincent_Poor,Wei_Li
H._Vincent_Poor,Wen_Gao_0001
H._Vincent_Poor,Victor_C._M._Leung
H._Vincent_Poor,Yu_Zhang
H._Vincent_Poor,Mohamed-Slim_Alouini
H._Vincent_Poor,Philip_S._Yu
H._Vincent_Poor,Wei_Zhang
H._Vincent_Poor,Wei_Wang
H._Vincent_Poor,Lajos_Hanzo
H._Vincent_Poor,Wei_Li
H._Vincent_Poor,Wen_Gao_0001
H._Vincent_Poor,Victor_C._M._Leung
H._Vincent_Poor,Yu_Zhang
H._Vincent_Poor,Mohamed-Slim_Alouini
H._Vincent_Poor,Philip_S._Yu
H._Vincent_Poor,Wei_Zhang
H._Vincent_Poor,Wei_Wang
H._Vincent_Poor,Lajos_Hanzo
H._Vincent_Poor,Wei_Li
H._Vincent_Poor,Wen_Gao_0001
H._Vincent_Poor,Victor_C._M._Leung
H._Vincent_Poor,Yu_Zhang
H._Vincent_Poor,Mohamed-Slim_Alouini
H._Vincent_Poor,Philip_S._Yu
H._Vincent_Poor,Wei_Zhang
H._Vincent_Poor,Wei_Wang
H._Vincent_Poor,Lajos_Hanzo
H._Vincent_Poor,Wei_Li
H._Vincent_Poor,Wen_Gao_0001
H._Vincent_Poor,Victor_C._M._Leung
H._Vincent_Poor,Yu_Zhang
H._Vincent_Poor,Mohamed-Slim_Alouini
H._Vincent_Poor,Philip_S._Yu
H._Vincent_Poor,Wei_Zhang
H._Vincent_Poor,Wei_Wang
H._Vincent_Poor,Lajos_Hanzo
H._Vincent_Poor,Wei_Li
H._Vincent_Poor,Wen_Gao_0001
H._Vincent_Poor,Victor_C._M._Leung
H._Vincent_Poor,Yu_Zhang
H._Vincent_Poor,Mohamed-Slim_Alouini
H._Vincent_Poor,Philip_S._Yu
H._Vincent_Poor,Wei_Zhang
H._Vincent_Poor,Wei_Wang
H._Vincent_Poor,Lajos_Hanzo
H._Vincent_Poor,Wei_Li
H._Vincent_Poor,Wen_Gao_0001
H._Vincent_Poor,Victor_C._M._Leung
H._Vincent_Poor,Yu_Zhang
H._Vincent_Poor,Mohamed-Slim_Alouini
H._Vincent_Poor,Philip_S._Yu
H._Vincent_Poor,Wei_Zhang
H._Vincent_Poor,Wei_Wang
H._Vincent_Poor,Lajos_Hanzo
H._Vincent_Poor,Wei_Li
H._Vincent_Poor,Wen_Gao_0001
H._Vincent_Poor,Victor_C._M._Leung
H._Vincent_Poor,Yu_Zhang
H._Vincent_Poor,Mohamed-Slim_Alouini
H._Vincent_Poor,Philip_S._Yu
H._Vincent_Poor,Wei_Zhang
H._Vincent_Poor,Wei_Wang
H._Vincent_Poor,Lajos_Hanzo
H._Vincent_Poor,Wei_Li
H._Vincent_Poor,Wen_Gao_0001
H._Vincent_Poor,Victor_C._M._Leung
H._Vincent_Poor,Yu_Zhang
H._Vincent_Poor,Mohamed-Slim_Alouini
H._Vincent_Poor,Philip_S._Yu
H._Vincent_Poor,Wei_Zhang
H._Vincent_Poor,Wei_Wang
H._Vincent_Poor,Lajos_Hanzo
H._Vincent_Poor,Wei_Li
H._Vincent_Poor,Wen_Gao_0001
H._Vincent_Poor,Victor_C._M._Leung
H._Vincent_Poor,Yu_Zhang
H._Vincent_Poor,Mohamed-Slim_Alouini
H._Vincent_Poor,Philip_S._Yu
H._Vincent_Poor,Wei_Zhang
H._Vincent_Poor,Wei_Wang
H._Vincent_Poor,Lajos_Hanzo
H._Vincent_Poor,Wei_Li
H._Vincent_Poor,Wen_Gao_0001
H._Vincent_Poor,Victor_C._M._Leung
H._Vincent_Poor,Yu_Zhang
H._Vincent_Poor,Mohamed-Slim_Alouini
H._Vincent_Poor,Philip_S._Yu
H._Vincent_Poor,Wei_Zhang
H._Vincent_Poor,Wei_Wang
H._Vincent_Poor,Lajos_Hanzo
H._Vincent_Poor,Wei_Li
H._Vincent_Poor,Wen_Gao_0001
H._Vincent_Poor,Victor_C._M._Leung
H._Vincent_Poor,Yu_Zhang
H._Vincent_Poor,Mohamed-Slim_Alouini
H._Vincent_Poor,Philip_S._Yu
H._Vincent_Poor,Wei_Zhang
H._Vincent_Poor,Wei_Wang
H._Vincent_Poor,Lajos_Hanzo
H._Vincent_Poor,Wei_Li
H._Vincent_Poor,Wen_Gao_0001
H._Vincent_Poor,Victor_C._M._Leung
H._Vincent_Poor,Yu_Zhang
H._Vincent_Poor,Mohamed-Slim_Alouini
H._Vincent_Poor,Philip_S._Yu
H._Vincent_Poor,Wei_Zhang
H._Vincent_Poor,Wei_Wang
H._Vincent_Poor,Lajos_Hanzo
H._Vincent_Poor,Wei_Li
H._Vincent_Poor,Wen_Gao_0001
H._Vincent_Poor,Victor_C._M._Leung
H._Vincent_Poor,Yu_Zhang
H._Vincent_Poor,Mohamed-Slim_Alouini
H._Vincent_Poor,Philip_S._Yu
H._Vincent_Poor,Wei_Zhang
H._Vincent_Poor,Wei_Wang
H._Vincent_Poor,Lajos_Hanzo
H._Vincent_Poor,Wei_Li
H._Vincent_Poor,Wen_Gao_0001
H._Vincent_Poor,Victor_C._M._Leung
H._Vincent_Poor,Yu_Zhang
H._Vincent_Poor,Mohamed-Slim_Alouini
H._Vincent_Poor,Philip_S._Yu
H._Vincent_Poor,Wei_Zhang
H._Vincent_Poor,Wei_Wang
H._Vincent_Poor,Lajos_Hanzo
H._Vincent_Poor,Wei_Li
H._Vincent_Poor,Wen_Gao_0001
H._Vincent_Poor,Victor_C._M._Leung
H._Vincent_Poor,Yu_Zhang
H._Vincent_Poor,Mohamed-Slim_Alouini
H._Vincent_Poor,Philip_S._Yu
H._Vincent_Poor,Wei_Zhang
H._Vincent_Poor,Wei_Wang
H._Vincent_Poor,Lajos_Hanzo
H._Vincent_Poor,Wei_Li
H._Vincent_Poor,Wen_Gao_0001
H._Vincent_Poor,Victor_C._M._Leung
H._Vincent_Poor,Yu_Zhang
H._Vincent_Poor,Mohamed-Slim_Alouini
H._Vincent_Poor,Philip_S._Yu
H._Vincent_Poor,Wei_Zhang
H._Vincent_Poor,Wei_Wang
H._Vincent_Poor,Lajos_Hanzo
H._Vincent_Poor,Wei_Li
H._Vincent_Poor,Wen_Gao_0001
H._Vincent_Poor,Victor_C._M._Leung
H._Vincent_Poor,Yu_Zhang
H._Vincent_Poor,Mohamed-Slim_Alouini
H._Vincent_Poor,Philip_S._Yu
H._Vincent_Poor,Wei_Zhang
H._Vincent_Poor,Wei_Wang
H._Vincent_Poor,Lajos_Hanzo
H._Vincent_Poor,Wei_Li
H._Vincent_Poor,Wen_Gao_0001
H._Vincent_Poor,Victor_C._M._Leung
H._Vincent_Poor,Yu_Zhang
H._Vincent_Poor,Mohamed-Slim_Alouini
H._Vincent_Poor,Philip_S._Yu
H._Vincent_Poor,Wei_Zhang
H._Vincent_Poor,Wei_Wang
H._Vincent_Poor,Lajos_Hanzo
H._Vincent_Poor,Wei_Li
H._Vincent_Poor,Wen_Gao_0001
H._Vincent_Poor,Victor_C._M._Leung
H._Vincent_Poor,Yu_Zhang
H._Vincent_Poor,Mohamed-Slim_Alouini
H._Vincent_Poor,Philip_S._Yu
H._Vincent_Poor,Wei_Zhang
H._Vincent_Poor,Wei_Wang
H._Vincent_Poor,Lajos_Hanzo
H._Vincent_Poor,Wei_Li
H._Vincent_Poor,Wen_Gao_0001
H._Vincent_Poor,Victor_C._M._Leung
H._Vincent_Poor,Yu_Zhang
H._Vincent_Poor,Mohamed-Slim_Alouini
H._Vincent_Poor,Philip_S._Yu
H._Vincent_Poor,Wei_Zhang
H._Vincent_Poor,Wei_Wang
H._Vincent_Poor,Lajos_Hanzo
H._Vincent_Poor,Wei_Li
H._Vincent_Poor,Wen_Gao_0001
H._Vincent_Poor,Victor_C._M._Leung
H._Vincent_Poor,Yu_Zhang
H._Vincent_Poor,Mohamed-Slim_Alouini
H._Vincent_Poor,Philip_S._Yu
H._Vincent_Poor,Wei_Zhang
H._Vincent_Poor,Wei_Wang
H._Vincent_Poor,Lajos_Hanzo
H._Vincent_Poor,Wei_Li
H._Vincent_Poor,Wen_Gao_0001
H._Vincent_Poor,Victor_C._M._Leung
H._Vincent_Poor,Yu_Zhang
H._Vincent_Poor,Mohamed-Slim_Alouini
H._Vincent_Poor,Philip_S._Yu
H._Vincent_Poor,Wei_Zhang
H._Vincent_Poor,Wei_Wang
H._Vincent_Poor,Lajos_Hanzo
H._Vincent_Poor,Wei_Li
H._Vincent_Poor,Wen_Gao_0001
H._Vincent_Poor,Victor_C._M._Leung
H._Vincent_Poor,Yu_Zhang
H._Vincent_Poor,Mohamed-Slim_Alouini
H._Vincent_Poor,Philip_S._Yu
H._Vincent_Poor,Wei_Zhang
H._Vincent_Poor,Wei_Wang
H._Vincent_Poor,Lajos_Hanzo
H._Vincent_Poor,Wei_Li
H._Vincent_Poor,Wen_Gao_0001
H._Vincent_Poor,Victor_C._M._Leung
H._Vincent_Poor,Yu_Zhang
H._Vincent_Poor,Mohamed-Slim_Alouini
H._Vincent_Poor,Philip_S._Yu
H._Vincent_Poor,Wei_Zhang
H._Vincent_Poor,Wei_Wang
H._Vincent_Poor,Lajos_Hanzo
H._Vincent_Poor,Wei_Li
H._Vincent_Poor,Wen_Gao_0001
H._Vincent_Poor,Victor_C._M._Leung
H._Vincent_Poor,Yu_Zhang
H._Vincent_Poor,Mohamed-Slim_Alouini
H._Vincent_Poor,Philip_S._Yu
H._Vincent_Poor,Wei_Zhang
H._Vincent_Poor,Wei_Wang
H._Vincent_Poor,Lajos_Hanzo
H._Vincent_Poor,Wei_Li
H._Vincent_Poor,Wen_Gao_0001
H._Vincent_Poor,Victor_C._M._Leung
H._Vincent_Poor,Yu_Zhang
H._Vincent_Poor,Mohamed-Slim_Alouini
H._Vincent_Poor,Philip_S._Yu
H._Vincent_Poor,Wei_Zhang
H._Vincent_Poor,Wei_Wang
H._Vincent_Poor,Lajos_Hanzo
H._Vincent_Poor,Wei_Li
H._Vincent_Poor,Wen_Gao_0001
H._Vincent_Poor,Victor_C._M._Leung
H._Vincent_Poor,Yu_Zhang
H._Vincent_Poor,Mohamed-Slim_Alouini
H._Vincent_Poor,Philip_S._Yu
H._Vincent_Poor,Wei_Zhang
H._Vincent_Poor,Wei_Wang
H._Vincent_Poor,Lajos_Hanzo
H._Vincent_Poor,Wei_Li
H._Vincent_Poor,Wen_Gao_0001
H._Vincent_Poor,Victor_C._M._Leung
H._Vincent_Poor,Yu_Zhang
H._Vincent_Poor,Mohamed-Slim_Alouini
H._Vincent_Poor,Philip_S._Yu
H._Vincent_Poor,Wei_Zhang
H._Vincent_Poor,Wei_Wang
H._Vincent_Poor,Lajos_Hanzo
H._Vincent_Poor,Wei_Li
H._Vincent_Poor,Wen_Gao_0001
H._Vincent_Poor,Victor_C._M._Leung
H._Vincent_Poor,Yu_Zhang
H._Vincent_Poor,Mohamed-Slim_Alouini
H._Vincent_Poor,Philip_S._Yu
H._Vincent_Poor,Wei_Zhang
H._Vincent_Poor,Wei_Wang
H._Vincent_Poor,Lajos_Hanzo
H._Vincent_Poor,Wei_Li
H._Vincent_Poor,Wen_Gao_0001
H._Vincent_Poor,Victor_C._M._Leung
H._Vincent_Poor,Yu_Zhang
H._Vincent_Poor,Mohamed-Slim_Alouini
H._Vincent_Poor,Philip_S._Yu
H._Vincent_Poor,Wei_Zhang
H._Vincent_Poor,Wei_Wang
H._Vincent_Poor,Lajos_Hanzo
H._Vincent_Poor,Wei_Li
H._Vincent_Poor,Wen_Gao_0001
H._Vincent_Poor,Victor_C._M._Leung
H._Vincent_Poor,Yu_Zhang
H._Vincent_Poor,Mohamed-Slim_Alouini
H._Vincent_Poor,Philip_S._Yu
H._Vincent_Poor,Wei_Zhang
H._Vincent_Poor,Wei_Wang
H._Vincent_Poor,Lajos_Hanzo
H._Vincent_Poor,Wei_Li
H._Vincent_Poor,Wen_Gao_0001
H._Vincent_Poor,Victor_C._M._Leung
H._Vincent_Poor,Yu_Zhang
H._Vincent_Poor,Mohamed-Slim_Alouini
H._Vincent_Poor,Philip_S._Yu
H._Vincent_Poor,Wei_Zhang
H._Vincent_Poor,Wei_Wang
H._Vincent_Poor,Lajos_Hanzo
H._Vincent_Poor,Wei_Li
H._Vincent_Poor,Wen_Gao_0001
H._Vincent_Poor,Victor_C._M._Leung
H._Vincent_Poor,Yu_Zhang
H._Vincent_Poor,Mohamed-Slim_Alouini
H._Vincent_Poor,Philip_S._Yu
H._Vincent_Poor,Wei_Zhang
H._Vincent_Poor,Wei_Wang
H._Vincent_Poor,Lajos_Hanzo
H._Vincent_Poor,Wei_Li
H._Vincent_Poor,Wen_Gao_0001
H._Vincent_Poor,Victor_C._M._Leung
H._Vincent_Poor,Yu_Zhang
