Aditya G. Parameswaran,Massachusetts Institute of Technology
Alberto L. Sangiovanni-Vincentelli,Massachusetts Institute of Technology
Alessandro Chiesa,Massachusetts Institute of Technology
Alexandre M. Bayen,Massachusetts Institute of Technology
Alexei A. Efros,Massachusetts Institute of Technology
Ali Javey,Massachusetts Institute of Technology
Ali M. Niknejad,Massachusetts Institute of Technology
Ali Niknejad,Massachusetts Institute of Technology
Alistair Sinclair,Massachusetts Institute of Technology
Alvin Cheung,Massachusetts Institute of Technology
Alyosha A. Efros,Massachusetts Institute of Technology
Ana Claudia Arias,Massachusetts Institute of Technology
Anant Sahai,Massachusetts Institute of Technology
Anca D. Dragan,Massachusetts Institute of Technology
Anthony D. Joseph,Massachusetts Institute of Technology
Armando Fox,Massachusetts Institute of Technology
Avideh Zakhor,Massachusetts Institute of Technology
Bala Kameshwar Poolla,Massachusetts Institute of Technology
Ben Recht,Massachusetts Institute of Technology
Benjamin Recht,Massachusetts Institute of Technology
Bernd Sturmfels,Massachusetts Institute of Technology
Bernhard E. Boser,Massachusetts Institute of Technology
Bin Yu 0001,Massachusetts Institute of Technology
Bjoern Hartmann,Massachusetts Institute of Technology
Bj√∂rn Hartmann,Massachusetts Institute of Technology
Borivoje Nikolic,Massachusetts Institute of Technology
Brian A. Barsky,Massachusetts Institute of Technology
Chang Ming Wu,Massachusetts Institute of Technology
Chunlei Liu,Massachusetts Institute of Technology
Claire J. Tomlin,Massachusetts Institute of Technology
Claire Jennifer Tomlin,Massachusetts Institute of Technology
Claire Tomlin,Massachusetts Institute of Technology
Clark T.-C. Nguyen,Massachusetts Institute of Technology
Constance J. Chang-Hasnain,Massachusetts Institute of Technology
Costas J. Spanos,Massachusetts Institute of Technology
David A. Wagner 0001,Massachusetts Institute of Technology
David Bamman,Massachusetts Institute of Technology
David Culler,Massachusetts Institute of Technology
David E. Culler,Massachusetts Institute of Technology
Edward A. Lee,Massachusetts Institute of Technology
Elad Alon,Massachusetts Institute of Technology
Eli Yablonovitch,Massachusetts Institute of Technology
Eric A. Brewer,Massachusetts Institute of Technology
Eric Paulos,Massachusetts Institute of Technology
George C. Necula,Massachusetts Institute of Technology
Hany Farid,Massachusetts Institute of Technology
Ion Stoica,Massachusetts Institute of Technology
J. D. Tygar,Massachusetts Institute of Technology
J. Doug Tygar,Massachusetts Institute of Technology
Jaijeet Roychowdhury,Massachusetts Institute of Technology
Jaijeet S. Roychowdhury,Massachusetts Institute of Technology
James Demmel,Massachusetts Institute of Technology
James F. O'Brien,Massachusetts Institute of Technology
James Weldon Demmel,Massachusetts Institute of Technology
Jan M. Rabaey,Massachusetts Institute of Technology
Jean C. Walrand,Massachusetts Institute of Technology
Jeffrey Bokor,Massachusetts Institute of Technology
Jelani Nelson,Massachusetts Institute of Technology
Jennifer Listgarten,Massachusetts Institute of Technology
Jim Demmel,Massachusetts Institute of Technology
John Canny,Massachusetts Institute of Technology
John D. Kubiatowicz,Massachusetts Institute of Technology
John F. Canny,Massachusetts Institute of Technology
John Kubiatowicz,Massachusetts Institute of Technology
John Wawrzynek,Massachusetts Institute of Technology
Jonathan Ragan-Kelley,Massachusetts Institute of Technology
Jonathan Richard Shewchuk,Massachusetts Institute of Technology
Jose M. Carmena,Massachusetts Institute of Technology
Joseph E. Gonzalez,Massachusetts Institute of Technology
Joseph Gonzalez,Massachusetts Institute of Technology
Joseph M. Hellerstein,Massachusetts Institute of Technology
Kannan Ramchandran,Massachusetts Institute of Technology
Katherine A. Yelick,Massachusetts Institute of Technology
Kathy Yelick,Massachusetts Institute of Technology
Ken Goldberg,Massachusetts Institute of Technology
Kenneth Y. Goldberg,Massachusetts Institute of Technology
Koushik Sen,Massachusetts Institute of Technology
Kris Pister,Massachusetts Institute of Technology
Kristofer S. J. Pister,Massachusetts Institute of Technology
Krste Asanovic,Massachusetts Institute of Technology
Kurt Keutzer,Massachusetts Institute of Technology
Laura Waller,Massachusetts Institute of Technology
Laurent El Ghaoui,Massachusetts Institute of Technology
Luca Trevisan,Massachusetts Institute of Technology
Luke J. Lee,Massachusetts Institute of Technology
Marti A. Hearst,Massachusetts Institute of Technology
Martin J. Wainwright,Massachusetts Institute of Technology
Michael I. Jordan,Massachusetts Institute of Technology
Michael Lustig,Massachusetts Institute of Technology
Michel M. Maharbiz,Massachusetts Institute of Technology
Moritz Hardt,Massachusetts Institute of Technology
Murat Arcak,Massachusetts Institute of Technology
Nilah Ioannidis,Massachusetts Institute of Technology
Nir Yosef,Massachusetts Institute of Technology
Peter Bartlett,Massachusetts Institute of Technology
Peter L. Bartlett,Massachusetts Institute of Technology
Pieter Abbeel,Massachusetts Institute of Technology
Prabal Dutta,Massachusetts Institute of Technology
Prabal K. Dutta,Massachusetts Institute of Technology
Prasad Raghavendra,Massachusetts Institute of Technology
Raluca A. Popa,Massachusetts Institute of Technology
Raluca Ada Popa,Massachusetts Institute of Technology
Randy H. Katz,Massachusetts Institute of Technology
Randy Howard Katz,Massachusetts Institute of Technology
Ren Ng,Massachusetts Institute of Technology
Richard M. Karp,Massachusetts Institute of Technology
Rikky Muller,Massachusetts Institute of Technology
Robert J. Full,Massachusetts Institute of Technology
Ronald S. Fearing,Massachusetts Institute of Technology
Ruzena Bajcsy,Massachusetts Institute of Technology
S. Shankar Sastry,Massachusetts Institute of Technology
Sanjam Garg,Massachusetts Institute of Technology
Sanjit A. Seshia,Massachusetts Institute of Technology
Satish Rao,Massachusetts Institute of Technology
Sayeef Salahuddin,Massachusetts Institute of Technology
Scott Shenker,Massachusetts Institute of Technology
Sergey Levine,Massachusetts Institute of Technology
Seth R. Sanders,Massachusetts Institute of Technology
Seth Sanders,Massachusetts Institute of Technology
Shafi Goldwasser,Massachusetts Institute of Technology
Shankar S. Sastry,Massachusetts Institute of Technology
Shankar Sastry,Massachusetts Institute of Technology
Steven M. Conolly,Massachusetts Institute of Technology
Stuart J. Russell,Massachusetts Institute of Technology
Stuart Russell,Massachusetts Institute of Technology
Sylvia Ratnasamy,Massachusetts Institute of Technology
Thomas Courtade,Massachusetts Institute of Technology
Trevor Darrell,Massachusetts Institute of Technology
Tsu-Jae King Liu,Massachusetts Institute of Technology
Umesh V. Vazirani,Massachusetts Institute of Technology
Venkat Anantharam,Massachusetts Institute of Technology
Venkatachalam Anantharam,Massachusetts Institute of Technology
Vern Paxson,Massachusetts Institute of Technology
Vivek Subramanian,Massachusetts Institute of Technology
Vladimir Marko Stojanovic,Massachusetts Institute of Technology
Vladimir Stojanovic,Massachusetts Institute of Technology
Yun S. Song,Massachusetts Institute of Technology
