Adam Belay,Massachusetts Institute of Technology
Adam Chlipala,Massachusetts Institute of Technology
Alan S Willsky,Massachusetts Institute of Technology
Albert R Meyer,Massachusetts Institute of Technology
Aleksander Madry,Massachusetts Institute of Technology
Alexandre Megretski,Massachusetts Institute of Technology
Anant Agarwal,Massachusetts Institute of Technology
Andrew Lo,Massachusetts Institute of Technology
Ankur Moitra,Massachusetts Institute of Technology
Antonio Torralba,Massachusetts Institute of Technology
Armando Solar Lezama,Massachusetts Institute of Technology
Arvind,Massachusetts Institute of Technology
Asuman E Ozdaglar,Massachusetts Institute of Technology
Barbara Liskov,Massachusetts Institute of Technology
Berthold K P Horn,Massachusetts Institute of Technology
Berthold Klaus Paul Horn,Massachusetts Institute of Technology
Bill Freeman,Massachusetts Institute of Technology
Bonnie Berger,Massachusetts Institute of Technology
Bruce Tidor,Massachusetts Institute of Technology
Caroline Uhler,Massachusetts Institute of Technology
Charles E Leiserson,Massachusetts Institute of Technology
Collin M Stultz,Massachusetts Institute of Technology
Collin Stultz,Massachusetts Institute of Technology
Constantinos Daskalakis,Massachusetts Institute of Technology
Costis Daskalakis,Massachusetts Institute of Technology
Daniel Jackson,Massachusetts Institute of Technology
Daniel S nchez,Massachusetts Institute of Technology
Daniela Rus,Massachusetts Institute of Technology
David Gifford,Massachusetts Institute of Technology
David J Perreault,Massachusetts Institute of Technology
David K Gifford,Massachusetts Institute of Technology
David R Karger,Massachusetts Institute of Technology
David Sontag,Massachusetts Institute of Technology
Devavrat Shah,Massachusetts Institute of Technology
Dina Katabi,Massachusetts Institute of Technology
Dirk Englund,Massachusetts Institute of Technology
Duane S Boning,Massachusetts Institute of Technology
Elfar Adalsteinsson,Massachusetts Institute of Technology
Erich P Ippen,Massachusetts Institute of Technology
Erik D Demaine,Massachusetts Institute of Technology
Fadel Adib,Massachusetts Institute of Technology
Fr do Durand,Massachusetts Institute of Technology
Gerald J Sussman,Massachusetts Institute of Technology
Gerald Jay Sussman,Massachusetts Institute of Technology
Gregory W Wornell,Massachusetts Institute of Technology
Hae Seung Lee,Massachusetts Institute of Technology
Hal Abelson,Massachusetts Institute of Technology
Hari Balakrishnan,Massachusetts Institute of Technology
Harold Abelson,Massachusetts Institute of Technology
Jacob K White,Massachusetts Institute of Technology
Jacob White,Massachusetts Institute of Technology
Jae S Lim,Massachusetts Institute of Technology
Jeffrey H Lang,Massachusetts Institute of Technology
Jeffrey Lang,Massachusetts Institute of Technology
Jing Kong,Massachusetts Institute of Technology
Joel Moses,Massachusetts Institute of Technology
Joel Voldman,Massachusetts Institute of Technology
John L Wyatt,Massachusetts Institute of Technology
John L Wyatt Jr,Massachusetts Institute of Technology
John N Tsitsiklis,Massachusetts Institute of Technology
John V Guttag,Massachusetts Institute of Technology
Julian Shun,Massachusetts Institute of Technology
Julie A Shah,Massachusetts Institute of Technology
Julie Arnold Shah,Massachusetts Institute of Technology
Julie Shah,Massachusetts Institute of Technology
Justin M Solomon,Massachusetts Institute of Technology
Justin Solomon,Massachusetts Institute of Technology
Konstantinos Daskalakis,Massachusetts Institute of Technology
Leslie Pack Kaelbling,Massachusetts Institute of Technology
Luca Daniel,Massachusetts Institute of Technology
M Frans Kaashoek,Massachusetts Institute of Technology
Manolis Kellis,Massachusetts Institute of Technology
Manya Ghobadi,Massachusetts Institute of Technology
Martin C Rinard,Massachusetts Institute of Technology
Martin Rinard,Massachusetts Institute of Technology
Marvin Minsky,Massachusetts Institute of Technology
Max M Shulaker,Massachusetts Institute of Technology
Max Marcel Shulaker,Massachusetts Institute of Technology
Michael Carbin,Massachusetts Institute of Technology
Michael J Watts,Massachusetts Institute of Technology
Mohammad Alizadeh,Massachusetts Institute of Technology
Monia Ghobadi,Massachusetts Institute of Technology
Muriel M dard,Massachusetts Institute of Technology
Nancy A Lynch,Massachusetts Institute of Technology
Nickolai Zeldovich,Massachusetts Institute of Technology
Nir Shavit,Massachusetts Institute of Technology
Pablo A Parrilo,Massachusetts Institute of Technology
Patrick H Winston,Massachusetts Institute of Technology
Patrick Henry Winston,Massachusetts Institute of Technology
Patrick Jaillet,Massachusetts Institute of Technology
Peter Szolovits,Massachusetts Institute of Technology
Phillip Isola,Massachusetts Institute of Technology
Piotr Indyk,Massachusetts Institute of Technology
Polina Golland,Massachusetts Institute of Technology
Qing Hu,Massachusetts Institute of Technology
R Ryan Williams,Massachusetts Institute of Technology
Rahul Sarpeshkar,Massachusetts Institute of Technology
Rajeev J Ram,Massachusetts Institute of Technology
Randall Davis,Massachusetts Institute of Technology
Regina Barzilay,Massachusetts Institute of Technology
Richard Ryan Williams,Massachusetts Institute of Technology
Rob Miller,Massachusetts Institute of Technology
Robert C Berwick,Massachusetts Institute of Technology
Robert C Miller,Massachusetts Institute of Technology
Robert Tappan Morris,Massachusetts Institute of Technology
Ron Rivest,Massachusetts Institute of Technology
Ron Weiss,Massachusetts Institute of Technology
Ronald L Rivest,Massachusetts Institute of Technology
Ronitt Rubinfeld,Massachusetts Institute of Technology
Russ Tedrake,Massachusetts Institute of Technology
Russell L Tedrake,Massachusetts Institute of Technology
Ryan Williams,Massachusetts Institute of Technology
Ryan Williams,Massachusetts Institute of Technology
Sam Madden,Massachusetts Institute of Technology
Saman P Amarasinghe,Massachusetts Institute of Technology
Samuel Madden,Massachusetts Institute of Technology
Samuel R Madden,Massachusetts Institute of Technology
Seth J Teller,Massachusetts Institute of Technology
Silvio Micali,Massachusetts Institute of Technology
Srinivas Devadas,Massachusetts Institute of Technology
Stefanie Jegelka,Massachusetts Institute of Technology
Stefanie Mueller,Massachusetts Institute of Technology
Stefanie M ller,Massachusetts Institute of Technology
Stefanie Sabrina Jegelka,Massachusetts Institute of Technology
Stephen A Ward,Massachusetts Institute of Technology
Steven B Leeb,Massachusetts Institute of Technology
Tamara Broderick,Massachusetts Institute of Technology
Tim Kraska,Massachusetts Institute of Technology
Tommi S Jaakkola,Massachusetts Institute of Technology
Tom s Lozano P rez,Massachusetts Institute of Technology
V Vinod,Massachusetts Institute of Technology
Vassilevska Williams,Massachusetts Institute of Technology
Victor W Zue,Massachusetts Institute of Technology
Victor Zue,Massachusetts Institute of Technology
Vinod Vaikuntanathan,Massachusetts Institute of Technology
Virginia Vassilevska,Massachusetts Institute of Technology
Virginia Vassilevska Williams,Massachusetts Institute of Technology
Vivienne Sze,Massachusetts Institute of Technology
William T Freeman,Massachusetts Institute of Technology
William T Peake,Massachusetts Institute of Technology
Wojciech Matusik,Massachusetts Institute of Technology
Yury Polyanskiy,Massachusetts Institute of Technology
