Adam Bates 0001,Univ. of Illinois at Urbana-Champaign
Adam M. Bates,Univ. of Illinois at Urbana-Champaign
Alex Kirlik,Univ. of Illinois at Urbana-Champaign
Alexander G. Schwing,Univ. of Illinois at Urbana-Champaign
Alexander Gerhard Schwing,Univ. of Illinois at Urbana-Champaign
Andreas Klöckner,Univ. of Illinois at Urbana-Champaign
Andrew Miller 0001,Univ. of Illinois at Urbana-Champaign
Anil N. Hirani,Univ. of Illinois at Urbana-Champaign
Bertram Ludäscher,Univ. of Illinois at Urbana-Champaign
Bill Gropp,Univ. of Illinois at Urbana-Champaign
Bo Li 0026,Univ. of Illinois at Urbana-Champaign
Brian P. Bailey,Univ. of Illinois at Urbana-Champaign
Brighten Godfrey,Univ. of Illinois at Urbana-Champaign
Carl A. Gunter,Univ. of Illinois at Urbana-Champaign
Catherine Blake,Univ. of Illinois at Urbana-Champaign
Chandra Chekuri,Univ. of Illinois at Urbana-Champaign
ChengXiang Zhai,Univ. of Illinois at Urbana-Champaign
Chengxiang Zhai,Univ. of Illinois at Urbana-Champaign
Christopher W. Fletcher,Univ. of Illinois at Urbana-Champaign
Craig B. Zilles,Univ. of Illinois at Urbana-Champaign
D. F. Wong,Univ. of Illinois at Urbana-Champaign
Dakshita Khurana,Univ. of Illinois at Urbana-Champaign
Darko Marinov,Univ. of Illinois at Urbana-Champaign
David A. Forsyth,Univ. of Illinois at Urbana-Champaign
David A. Padua,Univ. of Illinois at Urbana-Champaign
Deming Chen,Univ. of Illinois at Urbana-Champaign
Derek Hoiem,Univ. of Illinois at Urbana-Champaign
Donna Cox,Univ. of Illinois at Urbana-Champaign
Donna J. Cox,Univ. of Illinois at Urbana-Champaign
Gang Wang 0011,Univ. of Illinois at Urbana-Champaign
Geir E. Dullerud,Univ. of Illinois at Urbana-Champaign
Gerald DeJong,Univ. of Illinois at Urbana-Champaign
Grigore Rosu,Univ. of Illinois at Urbana-Champaign
Gul A. Agha,Univ. of Illinois at Urbana-Champaign
Gul Agha,Univ. of Illinois at Urbana-Champaign
Haitham Hassanieh,Univ. of Illinois at Urbana-Champaign
Hanghang Tong,Univ. of Illinois at Urbana-Champaign
Hari Sundaram,Univ. of Illinois at Urbana-Champaign
Heng Ji,Univ. of Illinois at Urbana-Champaign
Indranil Gupta,Univ. of Illinois at Urbana-Champaign
Jeff Erickson 0001,Univ. of Illinois at Urbana-Champaign
Jian Huang 0006,Univ. of Illinois at Urbana-Champaign
Jian Peng 0001,Univ. of Illinois at Urbana-Champaign
Jiawei Han 0001,Univ. of Illinois at Urbana-Champaign
Jingrui He,Univ. of Illinois at Urbana-Champaign
John C. Hart,Univ. of Illinois at Urbana-Champaign
Josep Torrellas,Univ. of Illinois at Urbana-Champaign
José Meseguer,Univ. of Illinois at Urbana-Champaign
Julia Hockenmaier,Univ. of Illinois at Urbana-Champaign
Karrie G. Karahalios,Univ. of Illinois at Urbana-Champaign
Karrie Karahalios,Univ. of Illinois at Urbana-Champaign
Karthekeyan Chandrasekaran,Univ. of Illinois at Urbana-Champaign
Kevin Chang 0001,Univ. of Illinois at Urbana-Champaign
Kevin Chen-Chuan Chang,Univ. of Illinois at Urbana-Champaign
Kirill Levchenko,Univ. of Illinois at Urbana-Champaign
Klara Nahrstedt,Univ. of Illinois at Urbana-Champaign
Kris Hauser,Univ. of Illinois at Urbana-Champaign
Kris K. Hauser,Univ. of Illinois at Urbana-Champaign
Lav R. Varshney,Univ. of Illinois at Urbana-Champaign
Lav Raj Varshney,Univ. of Illinois at Urbana-Champaign
Laxmikant V. Kalé,Univ. of Illinois at Urbana-Champaign
Leonard Pitt,Univ. of Illinois at Urbana-Champaign
Leslie Gasser,Univ. of Illinois at Urbana-Champaign
Lui Sha,Univ. of Illinois at Urbana-Champaign
Luke N. Olson,Univ. of Illinois at Urbana-Champaign
Luke Olson,Univ. of Illinois at Urbana-Champaign
Mahesh Viswanathan 0001,Univ. of Illinois at Urbana-Champaign
Mani Golparvar Fard,Univ. of Illinois at Urbana-Champaign
Marc Snir,Univ. of Illinois at Urbana-Champaign
Marco Caccamo,Univ. of Illinois at Urbana-Champaign
Mark A. Hasegawa-Johnson,Univ. of Illinois at Urbana-Champaign
Mark Hasegawa-Johnson,Univ. of Illinois at Urbana-Champaign
Martin D. F. Wong,Univ. of Illinois at Urbana-Champaign
Matthew Caesar,Univ. of Illinois at Urbana-Champaign
Michael A. Forbes,Univ. of Illinois at Urbana-Champaign
Michael Bailey,Univ. of Illinois at Urbana-Champaign
Mohammed El-Kebir,Univ. of Illinois at Urbana-Champaign
Nancy M. Amato,Univ. of Illinois at Urbana-Champaign
Nikita Borisov,Univ. of Illinois at Urbana-Champaign
Nitin H. Vaidya,Univ. of Illinois at Urbana-Champaign
Olgica Milenkovic,Univ. of Illinois at Urbana-Champaign
Oluwasanmi Koyejo,Univ. of Illinois at Urbana-Champaign
Ouri E. Wolfson,Univ. of Illinois at Urbana-Champaign
Ouri Wolfson,Univ. of Illinois at Urbana-Champaign
P. Madhusudan,Univ. of Illinois at Urbana-Champaign
Paris Smaragdis,Univ. of Illinois at Urbana-Champaign
Parthasarathy Madhusudan,Univ. of Illinois at Urbana-Champaign
Philip Brighten Godfrey,Univ. of Illinois at Urbana-Champaign
Radhika Mittal,Univ. of Illinois at Urbana-Champaign
Rakesh Kumar 0002,Univ. of Illinois at Urbana-Champaign
Ranjitha Kumar,Univ. of Illinois at Urbana-Champaign
Ravi K. Iyer,Univ. of Illinois at Urbana-Champaign
Ravishankar K. Iyer,Univ. of Illinois at Urbana-Champaign
Ravishankar Krishnan Iyer,Univ. of Illinois at Urbana-Champaign
Robert J. Brunner,Univ. of Illinois at Urbana-Champaign
Robin Hillary Kravets,Univ. of Illinois at Urbana-Champaign
Robin Kravets,Univ. of Illinois at Urbana-Champaign
Romit Roy Choudhury,Univ. of Illinois at Urbana-Champaign
Roxana Girju,Univ. of Illinois at Urbana-Champaign
Roy H. Campbell,Univ. of Illinois at Urbana-Champaign
Ruta Mehta,Univ. of Illinois at Urbana-Champaign
Sam Kamin,Univ. of Illinois at Urbana-Champaign
Samuel N. Kamin,Univ. of Illinois at Urbana-Champaign
Sanmi Koyejo,Univ. of Illinois at Urbana-Champaign
Sariel Har-Peled,Univ. of Illinois at Urbana-Champaign
Sarita V. Adve,Univ. of Illinois at Urbana-Champaign
Sasa Misailovic,Univ. of Illinois at Urbana-Champaign
Saurabh Gupta 0001,Univ. of Illinois at Urbana-Champaign
Saurabh Sinha,Univ. of Illinois at Urbana-Champaign
Sayan Mitra,Univ. of Illinois at Urbana-Champaign
Shaowen Wang,Univ. of Illinois at Urbana-Champaign
Sheldon H. Jacobson,Univ. of Illinois at Urbana-Champaign
Shobha Vasudevan,Univ. of Illinois at Urbana-Champaign
Sibin Mohan,Univ. of Illinois at Urbana-Champaign
Steven Lumetta,Univ. of Illinois at Urbana-Champaign
Steven M. LaValle,Univ. of Illinois at Urbana-Champaign
Steven S. Lumetta,Univ. of Illinois at Urbana-Champaign
Svetlana Lazebnik,Univ. of Illinois at Urbana-Champaign
T. Kesavadas,Univ. of Illinois at Urbana-Champaign
Tandy J. Warnow,Univ. of Illinois at Urbana-Champaign
Tao Xie 0001,Univ. of Illinois at Urbana-Champaign
Tarek F. Abdelzaher,Univ. of Illinois at Urbana-Champaign
Thenkurussi Kesavadas,Univ. of Illinois at Urbana-Champaign
Tianyin Xu,Univ. of Illinois at Urbana-Champaign
Timothy Bretl,Univ. of Illinois at Urbana-Champaign
Timothy M. Chan,Univ. of Illinois at Urbana-Champaign
Victoria Stodden,Univ. of Illinois at Urbana-Champaign
Vikram S. Adve,Univ. of Illinois at Urbana-Champaign
Wai-Tat Fu,Univ. of Illinois at Urbana-Champaign
Wen-Mei Hwu,Univ. of Illinois at Urbana-Champaign
Wen-Mei W. Hwu,Univ. of Illinois at Urbana-Champaign
Wen-mei Hwu,Univ. of Illinois at Urbana-Champaign
Wen-mei W. Hwu,Univ. of Illinois at Urbana-Champaign
Weng Cho Chew,Univ. of Illinois at Urbana-Champaign
William D. Gropp,Univ. of Illinois at Urbana-Champaign
William Gropp,Univ. of Illinois at Urbana-Champaign
William H. Sanders,Univ. of Illinois at Urbana-Champaign
Yih-Chun Hu,Univ. of Illinois at Urbana-Champaign
Yongjoo Park,Univ. of Illinois at Urbana-Champaign
