Aditya G. Parameswaran,University of California - Berkeley
Alberto L. Sangiovanni-Vincentelli,University of California - Berkeley
Alessandro Chiesa,University of California - Berkeley
Alexandre M. Bayen,University of California - Berkeley
Alexei A. Efros,University of California - Berkeley
Ali Javey,University of California - Berkeley
Ali M. Niknejad,University of California - Berkeley
Ali Niknejad,University of California - Berkeley
Alistair Sinclair,University of California - Berkeley
Alvin Cheung,University of California - Berkeley
Alyosha A. Efros,University of California - Berkeley
Ana Claudia Arias,University of California - Berkeley
Anant Sahai,University of California - Berkeley
Anca D. Dragan,University of California - Berkeley
Anthony D. Joseph,University of California - Berkeley
Armando Fox,University of California - Berkeley
Avideh Zakhor,University of California - Berkeley
Bala Kameshwar Poolla,University of California - Berkeley
Ben Recht,University of California - Berkeley
Benjamin Recht,University of California - Berkeley
Bernd Sturmfels,University of California - Berkeley
Bernhard E. Boser,University of California - Berkeley
Bin Yu 0001,University of California - Berkeley
Bjoern Hartmann,University of California - Berkeley
Bj√∂rn Hartmann,University of California - Berkeley
Borivoje Nikolic,University of California - Berkeley
Brian A. Barsky,University of California - Berkeley
Chang Ming Wu,University of California - Berkeley
Chunlei Liu,University of California - Berkeley
Claire J. Tomlin,University of California - Berkeley
Claire Jennifer Tomlin,University of California - Berkeley
Claire Tomlin,University of California - Berkeley
Clark T.-C. Nguyen,University of California - Berkeley
Constance J. Chang-Hasnain,University of California - Berkeley
Costas J. Spanos,University of California - Berkeley
David A. Wagner 0001,University of California - Berkeley
David Bamman,University of California - Berkeley
David Culler,University of California - Berkeley
David E. Culler,University of California - Berkeley
Edward A. Lee,University of California - Berkeley
Elad Alon,University of California - Berkeley
Eli Yablonovitch,University of California - Berkeley
Eric A. Brewer,University of California - Berkeley
Eric Paulos,University of California - Berkeley
George C. Necula,University of California - Berkeley
Hany Farid,University of California - Berkeley
Ion Stoica,University of California - Berkeley
J. D. Tygar,University of California - Berkeley
J. Doug Tygar,University of California - Berkeley
Jaijeet Roychowdhury,University of California - Berkeley
Jaijeet S. Roychowdhury,University of California - Berkeley
James Demmel,University of California - Berkeley
James F. O'Brien,University of California - Berkeley
James Weldon Demmel,University of California - Berkeley
Jan M. Rabaey,University of California - Berkeley
Jean C. Walrand,University of California - Berkeley
Jeffrey Bokor,University of California - Berkeley
Jelani Nelson,University of California - Berkeley
Jennifer Listgarten,University of California - Berkeley
Jim Demmel,University of California - Berkeley
John Canny,University of California - Berkeley
John D. Kubiatowicz,University of California - Berkeley
John F. Canny,University of California - Berkeley
John Kubiatowicz,University of California - Berkeley
John Wawrzynek,University of California - Berkeley
Jonathan Ragan-Kelley,University of California - Berkeley
Jonathan Richard Shewchuk,University of California - Berkeley
Jose M. Carmena,University of California - Berkeley
Joseph E. Gonzalez,University of California - Berkeley
Joseph Gonzalez,University of California - Berkeley
Joseph M. Hellerstein,University of California - Berkeley
Kannan Ramchandran,University of California - Berkeley
Katherine A. Yelick,University of California - Berkeley
Kathy Yelick,University of California - Berkeley
Ken Goldberg,University of California - Berkeley
Kenneth Y. Goldberg,University of California - Berkeley
Koushik Sen,University of California - Berkeley
Kris Pister,University of California - Berkeley
Kristofer S. J. Pister,University of California - Berkeley
Krste Asanovic,University of California - Berkeley
Kurt Keutzer,University of California - Berkeley
Laura Waller,University of California - Berkeley
Laurent El Ghaoui,University of California - Berkeley
Luca Trevisan,University of California - Berkeley
Luke J. Lee,University of California - Berkeley
Marti A. Hearst,University of California - Berkeley
Martin J. Wainwright,University of California - Berkeley
Michael I. Jordan,University of California - Berkeley
Michael Lustig,University of California - Berkeley
Michel M. Maharbiz,University of California - Berkeley
Moritz Hardt,University of California - Berkeley
Murat Arcak,University of California - Berkeley
Nilah Ioannidis,University of California - Berkeley
Nir Yosef,University of California - Berkeley
Peter Bartlett,University of California - Berkeley
Peter L. Bartlett,University of California - Berkeley
Pieter Abbeel,University of California - Berkeley
Prabal Dutta,University of California - Berkeley
Prabal K. Dutta,University of California - Berkeley
Prasad Raghavendra,University of California - Berkeley
Raluca A. Popa,University of California - Berkeley
Raluca Ada Popa,University of California - Berkeley
Randy H. Katz,University of California - Berkeley
Randy Howard Katz,University of California - Berkeley
Ren Ng,University of California - Berkeley
Richard M. Karp,University of California - Berkeley
Rikky Muller,University of California - Berkeley
Robert J. Full,University of California - Berkeley
Ronald S. Fearing,University of California - Berkeley
Ruzena Bajcsy,University of California - Berkeley
S. Shankar Sastry,University of California - Berkeley
Sanjam Garg,University of California - Berkeley
Sanjit A. Seshia,University of California - Berkeley
Satish Rao,University of California - Berkeley
Sayeef Salahuddin,University of California - Berkeley
Scott Shenker,University of California - Berkeley
Sergey Levine,University of California - Berkeley
Seth R. Sanders,University of California - Berkeley
Seth Sanders,University of California - Berkeley
Shafi Goldwasser,University of California - Berkeley
Shankar S. Sastry,University of California - Berkeley
Shankar Sastry,University of California - Berkeley
Steven M. Conolly,University of California - Berkeley
Stuart J. Russell,University of California - Berkeley
Stuart Russell,University of California - Berkeley
Sylvia Ratnasamy,University of California - Berkeley
Thomas Courtade,University of California - Berkeley
Trevor Darrell,University of California - Berkeley
Tsu-Jae King Liu,University of California - Berkeley
Umesh V. Vazirani,University of California - Berkeley
Venkat Anantharam,University of California - Berkeley
Venkatachalam Anantharam,University of California - Berkeley
Vern Paxson,University of California - Berkeley
Vivek Subramanian,University of California - Berkeley
Vladimir Marko Stojanovic,University of California - Berkeley
Vladimir Stojanovic,University of California - Berkeley
Yun S. Song,University of California - Berkeley
